Workbook

Sheet الملخص
A1: ملخص مستحقات الجرد
A2: اكتب أي اسم جديد في عمود الاسم (أزرق) وسيُحسب تلقائيًا من شيت السجل
A3: الاسم | B3: جرد + مراجعة | C3: مراجعة فقط | D3: جرد فقط | E3: عدد الصيدليات | F3: إجمالي المستحق
A4: د. حسام شلش | B4: =IF(A4="","",COUNTIFS(السجل!$E$2:$E$1000,A4,السجل!$H$2:$H$1000,"جرد + مراجعة")) -> 19 | C4: =IF(A4="","",COUNTIFS(السجل!$E$2:$E$1000,A4,السجل!$H$2:$H$1000,"مراجعة فقط")) -> 18 | D4: =IF(A4="","",COUNTIFS(السجل!$E$2:$E$1000,A4,السجل!$H$2:$H$1000,"جرد فقط")) -> 0 | E4: =IF(A4="","",SUM(B4:D4)) -> 37 | F4: =IF(A4="","",SUMIFS(السجل!$I$2:$I$1000,السجل!$E$2:$E$1000,A4)) -> 6500
A5: د. السيد حسن | B5: =IF(A5="","",COUNTIFS(السجل!$E$2:$E$1000,A5,السجل!$H$2:$H$1000,"جرد + مراجعة")) -> 8 | C5: =IF(A5="","",COUNTIFS(السجل!$E$2:$E$1000,A5,السجل!$H$2:$H$1000,"مراجعة فقط")) -> 29 | D5: =IF(A5="","",COUNTIFS(السجل!$E$2:$E$1000,A5,السجل!$H$2:$H$1000,"جرد فقط")) -> 0 | E5: =IF(A5="","",SUM(B5:D5)) -> 37 | F5: =IF(A5="","",SUMIFS(السجل!$I$2:$I$1000,السجل!$E$2:$E$1000,A5)) -> 5950
A6: د. أيمن حسين | B6: =IF(A6="","",COUNTIFS(السجل!$E$2:$E$1000,A6,السجل!$H$2:$H$1000,"جرد + مراجعة")) -> 0 | C6: =IF(A6="","",COUNTIFS(السجل!$E$2:$E$1000,A6,السجل!$H$2:$H$1000,"مراجعة فقط")) -> 11 | D6: =IF(A6="","",COUNTIFS(السجل!$E$2:$E$1000,A6,السجل!$H$2:$H$1000,"جرد فقط")) -> 0 | E6: =IF(A6="","",SUM(B6:D6)) -> 11 | F6: =IF(A6="","",SUMIFS(السجل!$I$2:$I$1000,السجل!$E$2:$E$1000,A6)) -> 1650
A7: د. الحسن الغنيمي | B7: =IF(A7="","",COUNTIFS(السجل!$E$2:$E$1000,A7,السجل!$H$2:$H$1000,"جرد + مراجعة")) -> 0 | C7: =IF(A7="","",COUNTIFS(السجل!$E$2:$E$1000,A7,السجل!$H$2:$H$1000,"مراجعة فقط")) -> 23 | D7: =IF(A7="","",COUNTIFS(السجل!$E$2:$E$1000,A7,السجل!$H$2:$H$1000,"جرد فقط")) -> 0 | E7: =IF(A7="","",SUM(B7:D7)) -> 23 | F7: =IF(A7="","",SUMIFS(السجل!$I$2:$I$1000,السجل!$E$2:$E$1000,A7)) -> 3450
A8: د. علي خليفة | B8: =IF(A8="","",COUNTIFS(السجل!$E$2:$E$1000,A8,السجل!$H$2:$H$1000,"جرد + مراجعة")) -> 10 | C8: =IF(A8="","",COUNTIFS(السجل!$E$2:$E$1000,A8,السجل!$H$2:$H$1000,"مراجعة فقط")) -> 9 | D8: =IF(A8="","",COUNTIFS(السجل!$E$2:$E$1000,A8,السجل!$H$2:$H$1000,"جرد فقط")) -> 0 | E8: =IF(A8="","",SUM(B8:D8)) -> 19 | F8: =IF(A8="","",SUMIFS(السجل!$I$2:$I$1000,السجل!$E$2:$E$1000,A8)) -> 3350
A9: د. محمد جمال | B9: =IF(A9="","",COUNTIFS(السجل!$E$2:$E$1000,A9,السجل!$H$2:$H$1000,"جرد + مراجعة")) -> 0 | C9: =IF(A9="","",COUNTIFS(السجل!$E$2:$E$1000,A9,السجل!$H$2:$H$1000,"مراجعة فقط")) -> 18 | D9: =IF(A9="","",COUNTIFS(السجل!$E$2:$E$1000,A9,السجل!$H$2:$H$1000,"جرد فقط")) -> 0 | E9: =IF(A9="","",SUM(B9:D9)) -> 18 | F9: =IF(A9="","",SUMIFS(السجل!$I$2:$I$1000,السجل!$E$2:$E$1000,A9)) -> 2700
B10: =IF(A10="","",COUNTIFS(السجل!$E$2:$E$1000,A10,السجل!$H$2:$H$1000,"جرد + مراجعة")) | C10: =IF(A10="","",COUNTIFS(السجل!$E$2:$E$1000,A10,السجل!$H$2:$H$1000,"مراجعة فقط")) | D10: =IF(A10="","",COUNTIFS(السجل!$E$2:$E$1000,A10,السجل!$H$2:$H$1000,"جرد فقط")) | E10: =IF(A10="","",SUM(B10:D10)) | F10: =IF(A10="","",SUMIFS(السجل!$I$2:$I$1000,السجل!$E$2:$E$1000,A10))
B11: =IF(A11="","",COUNTIFS(السجل!$E$2:$E$1000,A11,السجل!$H$2:$H$1000,"جرد + مراجعة")) | C11: =IF(A11="","",COUNTIFS(السجل!$E$2:$E$1000,A11,السجل!$H$2:$H$1000,"مراجعة فقط")) | D11: =IF(A11="","",COUNTIFS(السجل!$E$2:$E$1000,A11,السجل!$H$2:$H$1000,"جرد فقط")) | E11: =IF(A11="","",SUM(B11:D11)) | F11: =IF(A11="","",SUMIFS(السجل!$I$2:$I$1000,السجل!$E$2:$E$1000,A11))
B12: =IF(A12="","",COUNTIFS(السجل!$E$2:$E$1000,A12,السجل!$H$2:$H$1000,"جرد + مراجعة")) | C12: =IF(A12="","",COUNTIFS(السجل!$E$2:$E$1000,A12,السجل!$H$2:$H$1000,"مراجعة فقط")) | D12: =IF(A12="","",COUNTIFS(السجل!$E$2:$E$1000,A12,السجل!$H$2:$H$1000,"جرد فقط")) | E12: =IF(A12="","",SUM(B12:D12)) | F12: =IF(A12="","",SUMIFS(السجل!$I$2:$I$1000,السجل!$E$2:$E$1000,A12))
B13: =IF(A13="","",COUNTIFS(السجل!$E$2:$E$1000,A13,السجل!$H$2:$H$1000,"جرد + مراجعة")) | C13: =IF(A13="","",COUNTIFS(السجل!$E$2:$E$1000,A13,السجل!$H$2:$H$1000,"مراجعة فقط")) | D13: =IF(A13="","",COUNTIFS(السجل!$E$2:$E$1000,A13,السجل!$H$2:$H$1000,"جرد فقط")) | E13: =IF(A13="","",SUM(B13:D13)) | F13: =IF(A13="","",SUMIFS(السجل!$I$2:$I$1000,السجل!$E$2:$E$1000,A13))
B14: =IF(A14="","",COUNTIFS(السجل!$E$2:$E$1000,A14,السجل!$H$2:$H$1000,"جرد + مراجعة")) | C14: =IF(A14="","",COUNTIFS(السجل!$E$2:$E$1000,A14,السجل!$H$2:$H$1000,"مراجعة فقط")) | D14: =IF(A14="","",COUNTIFS(السجل!$E$2:$E$1000,A14,السجل!$H$2:$H$1000,"جرد فقط")) | E14: =IF(A14="","",SUM(B14:D14)) | F14: =IF(A14="","",SUMIFS(السجل!$I$2:$I$1000,السجل!$E$2:$E$1000,A14))
B15: =IF(A15="","",COUNTIFS(السجل!$E$2:$E$1000,A15,السجل!$H$2:$H$1000,"جرد + مراجعة")) | C15: =IF(A15="","",COUNTIFS(السجل!$E$2:$E$1000,A15,السجل!$H$2:$H$1000,"مراجعة فقط")) | D15: =IF(A15="","",COUNTIFS(السجل!$E$2:$E$1000,A15,السجل!$H$2:$H$1000,"جرد فقط")) | E15: =IF(A15="","",SUM(B15:D15)) | F15: =IF(A15="","",SUMIFS(السجل!$I$2:$I$1000,السجل!$E$2:$E$1000,A15))
B16: =IF(A16="","",COUNTIFS(السجل!$E$2:$E$1000,A16,السجل!$H$2:$H$1000,"جرد + مراجعة")) | C16: =IF(A16="","",COUNTIFS(السجل!$E$2:$E$1000,A16,السجل!$H$2:$H$1000,"مراجعة فقط")) | D16: =IF(A16="","",COUNTIFS(السجل!$E$2:$E$1000,A16,السجل!$H$2:$H$1000,"جرد فقط")) | E16: =IF(A16="","",SUM(B16:D16)) | F16: =IF(A16="","",SUMIFS(السجل!$I$2:$I$1000,السجل!$E$2:$E$1000,A16))
B17: =IF(A17="","",COUNTIFS(السجل!$E$2:$E$1000,A17,السجل!$H$2:$H$1000,"جرد + مراجعة")) | C17: =IF(A17="","",COUNTIFS(السجل!$E$2:$E$1000,A17,السجل!$H$2:$H$1000,"مراجعة فقط")) | D17: =IF(A17="","",COUNTIFS(السجل!$E$2:$E$1000,A17,السجل!$H$2:$H$1000,"جرد فقط")) | E17: =IF(A17="","",SUM(B17:D17)) | F17: =IF(A17="","",SUMIFS(السجل!$I$2:$I$1000,السجل!$E$2:$E$1000,A17))
B18: =IF(A18="","",COUNTIFS(السجل!$E$2:$E$1000,A18,السجل!$H$2:$H$1000,"جرد + مراجعة")) | C18: =IF(A18="","",COUNTIFS(السجل!$E$2:$E$1000,A18,السجل!$H$2:$H$1000,"مراجعة فقط")) | D18: =IF(A18="","",COUNTIFS(السجل!$E$2:$E$1000,A18,السجل!$H$2:$H$1000,"جرد فقط")) | E18: =IF(A18="","",SUM(B18:D18)) | F18: =IF(A18="","",SUMIFS(السجل!$I$2:$I$1000,السجل!$E$2:$E$1000,A18))
A19: الإجمالي | B19: =SUM(B4:B18) -> 37 | C19: =SUM(C4:C18) -> 108 | D19: =SUM(D4:D18) -> 0 | E19: =SUM(E4:E18) -> 145 | F19: =SUM(F4:F18) -> 23600
A21: للتحقق: إجمالي السجل | F21: =SUM(السجل!$I$2:$I$1000) -> 23600

Sheet حسب اليوم
A1: الاسم | B1: الثلاثاء 2026-09-01 | C1: السبت 2026-09-26 | D1: الأحد 2026-09-27 | E1: الاثنين 2026-09-28 | F1: الثلاثاء 2026-09-29 | G1: الأربعاء 2026-09-30 | H1: الخميس 2026-10-01 | I1: الجمعة 2026-10-02 | J1: السبت 2026-10-03 | K1: الأحد 2026-10-04 | L1: الاثنين 2026-10-05 | M1: الثلاثاء 2026-10-06 | N1: الأربعاء 2026-10-07 | O1: الخميس 2026-10-08 | P1: الجمعة 2026-10-09 | Q1: السبت 2026-10-10 | R1: الأحد 2026-10-11 | S1: الثلاثاء 2026-10-13 | T1: الأربعاء 2026-10-14 | U1: الخميس 2026-10-15 | V1: الإجمالي
A2: =الملخص!A4 -> د. حسام شلش | B2: =SUMIFS(السجل!$I$2:$I$1000,السجل!$E$2:$E$1000,$A2,السجل!$A$2:$A$1000,B$1000) -> 400 | C2: =SUMIFS(السجل!$I$2:$I$1000,السجل!$E$2:$E$1000,$A2,السجل!$A$2:$A$1000,C$1000) -> 400 | D2: =SUMIFS(السجل!$I$2:$I$1000,السجل!$E$2:$E$1000,$A2,السجل!$A$2:$A$1000,D$1000) -> 300 | E2: =SUMIFS(السجل!$I$2:$I$1000,السجل!$E$2:$E$1000,$A2,السجل!$A$2:$A$1000,E$1000) -> 400 | F2: =SUMIFS(السجل!$I$2:$I$1000,السجل!$E$2:$E$1000,$A2,السجل!$A$2:$A$1000,F$1000) -> 300 | G2: =SUMIFS(السجل!$I$2:$I$1000,السجل!$E$2:$E$1000,$A2,السجل!$A$2:$A$1000,G$1000) -> 400 | H2: =SUMIFS(السجل!$I$2:$I$1000,السجل!$E$2:$E$1000,$A2,السجل!$A$2:$A$1000,H$1000) -> 150 | I2: =SUMIFS(السجل!$I$2:$I$1000,السجل!$E$2:$E$1000,$A2,السجل!$A$2:$A$1000,I$1000) -> 200 | ... U2: =SUMIFS(السجل!$I$2:$I$1000,السجل!$E$2:$E$1000,$A2,السجل!$A$2:$A$1000,U$1000) -> 300 | V2: =SUM(B2:U2) -> 6500
A3: =الملخص!A5 -> د. السيد حسن | B3: =SUMIFS(السجل!$I$2:$I$1000,السجل!$E$2:$E$1000,$A3,السجل!$A$2:$A$1000,B$1000) -> 300 | C3: =SUMIFS(السجل!$I$2:$I$1000,السجل!$E$2:$E$1000,$A3,السجل!$A$2:$A$1000,C$1000) -> 300 | D3: =SUMIFS(السجل!$I$2:$I$1000,السجل!$E$2:$E$1000,$A3,السجل!$A$2:$A$1000,D$1000) -> 300 | E3: =SUMIFS(السجل!$I$2:$I$1000,السجل!$E$2:$E$1000,$A3,السجل!$A$2:$A$1000,E$1000) -> 300 | F3: =SUMIFS(السجل!$I$2:$I$1000,السجل!$E$2:$E$1000,$A3,السجل!$A$2:$A$1000,F$1000) -> 300 | G3: =SUMIFS(السجل!$I$2:$I$1000,السجل!$E$2:$E$1000,$A3,السجل!$A$2:$A$1000,G$1000) -> 300 | H3: =SUMIFS(السجل!$I$2:$I$1000,السجل!$E$2:$E$1000,$A3,السجل!$A$2:$A$1000,H$1000) -> 150 | I3: =SUMIFS(السجل!$I$2:$I$1000,السجل!$E$2:$E$1000,$A3,السجل!$A$2:$A$1000,I$1000) -> 150 | ... U3: =SUMIFS(السجل!$I$2:$I$1000,السجل!$E$2:$E$1000,$A3,السجل!$A$2:$A$1000,U$1000) -> 300 | V3: =SUM(B3:U3) -> 5950
A4: =الملخص!A6 -> د. أيمن حسين | B4: =SUMIFS(السجل!$I$2:$I$1000,السجل!$E$2:$E$1000,$A4,السجل!$A$2:$A$1000,B$1000) -> 300 | C4: =SUMIFS(السجل!$I$2:$I$1000,السجل!$E$2:$E$1000,$A4,السجل!$A$2:$A$1000,C$1000) -> 0 | D4: =SUMIFS(السجل!$I$2:$I$1000,السجل!$E$2:$E$1000,$A4,السجل!$A$2:$A$1000,D$1000) -> 150 | E4: =SUMIFS(السجل!$I$2:$I$1000,السجل!$E$2:$E$1000,$A4,السجل!$A$2:$A$1000,E$1000) -> 150 | F4: =SUMIFS(السجل!$I$2:$I$1000,السجل!$E$2:$E$1000,$A4,السجل!$A$2:$A$1000,F$1000) -> 300 | G4: =SUMIFS(السجل!$I$2:$I$1000,السجل!$E$2:$E$1000,$A4,السجل!$A$2:$A$1000,G$1000) -> 300 | H4: =SUMIFS(السجل!$I$2:$I$1000,السجل!$E$2:$E$1000,$A4,السجل!$A$2:$A$1000,H$1000) -> 150 | I4: =SUMIFS(السجل!$I$2:$I$1000,السجل!$E$2:$E$1000,$A4,السجل!$A$2:$A$1000,I$1000) -> 150 | ... U4: =SUMIFS(السجل!$I$2:$I$1000,السجل!$E$2:$E$1000,$A4,السجل!$A$2:$A$1000,U$1000) -> 0 | V4: =SUM(B4:U4) -> 1650
A5: =الملخص!A7 -> د. الحسن الغنيمي | B5: =SUMIFS(السجل!$I$2:$I$1000,السجل!$E$2:$E$1000,$A5,السجل!$A$2:$A$1000,B$1000) -> 150 | C5: =SUMIFS(السجل!$I$2:$I$1000,السجل!$E$2:$E$1000,$A5,السجل!$A$2:$A$1000,C$1000) -> 0 | D5: =SUMIFS(السجل!$I$2:$I$1000,السجل!$E$2:$E$1000,$A5,السجل!$A$2:$A$1000,D$1000) -> 0 | E5: =SUMIFS(السجل!$I$2:$I$1000,السجل!$E$2:$E$1000,$A5,السجل!$A$2:$A$1000,E$1000) -> 0 | F5: =SUMIFS(السجل!$I$2:$I$1000,السجل!$E$2:$E$1000,$A5,السجل!$A$2:$A$1000,F$1000) -> 300 | G5: =SUMIFS(السجل!$I$2:$I$1000,السجل!$E$2:$E$1000,$A5,السجل!$A$2:$A$1000,G$1000) -> 150 | H5: =SUMIFS(السجل!$I$2:$I$1000,السجل!$E$2:$E$1000,$A5,السجل!$A$2:$A$1000,H$1000) -> 150 | I5: =SUMIFS(السجل!$I$2:$I$1000,السجل!$E$2:$E$1000,$A5,السجل!$A$2:$A$1000,I$1000) -> 150 | ... U5: =SUMIFS(السجل!$I$2:$I$1000,السجل!$E$2:$E$1000,$A5,السجل!$A$2:$A$1000,U$1000) -> 0 | V5: =SUM(B5:U5) -> 3450
A6: =الملخص!A8 -> د. علي خليفة | B6: =SUMIFS(السجل!$I$2:$I$1000,السجل!$E$2:$E$1000,$A6,السجل!$A$2:$A$1000,B$1000) -> 0 | C6: =SUMIFS(السجل!$I$2:$I$1000,السجل!$E$2:$E$1000,$A6,السجل!$A$2:$A$1000,C$1000) -> 300 | D6: =SUMIFS(السجل!$I$2:$I$1000,السجل!$E$2:$E$1000,$A6,السجل!$A$2:$A$1000,D$1000) -> 400 | E6: =SUMIFS(السجل!$I$2:$I$1000,السجل!$E$2:$E$1000,$A6,السجل!$A$2:$A$1000,E$1000) -> 300 | F6: =SUMIFS(السجل!$I$2:$I$1000,السجل!$E$2:$E$1000,$A6,السجل!$A$2:$A$1000,F$1000) -> 400 | G6: =SUMIFS(السجل!$I$2:$I$1000,السجل!$E$2:$E$1000,$A6,السجل!$A$2:$A$1000,G$1000) -> 300 | H6: =SUMIFS(السجل!$I$2:$I$1000,السجل!$E$2:$E$1000,$A6,السجل!$A$2:$A$1000,H$1000) -> 200 | I6: =SUMIFS(السجل!$I$2:$I$1000,السجل!$E$2:$E$1000,$A6,السجل!$A$2:$A$1000,I$1000) -> 150 | ... U6: =SUMIFS(السجل!$I$2:$I$1000,السجل!$E$2:$E$1000,$A6,السجل!$A$2:$A$1000,U$1000) -> 400 | V6: =SUM(B6:U6) -> 3350
A7: =الملخص!A9 -> د. محمد جمال | B7: =SUMIFS(السجل!$I$2:$I$1000,السجل!$E$2:$E$1000,$A7,السجل!$A$2:$A$1000,B$1000) -> 0 | C7: =SUMIFS(السجل!$I$2:$I$1000,السجل!$E$2:$E$1000,$A7,السجل!$A$2:$A$1000,C$1000) -> 0 | D7: =SUMIFS(السجل!$I$2:$I$1000,السجل!$E$2:$E$1000,$A7,السجل!$A$2:$A$1000,D$1000) -> 0 | E7: =SUMIFS(السجل!$I$2:$I$1000,السجل!$E$2:$E$1000,$A7,السجل!$A$2:$A$1000,E$1000) -> 0 | F7: =SUMIFS(السجل!$I$2:$I$1000,السجل!$E$2:$E$1000,$A7,السجل!$A$2:$A$1000,F$1000) -> 0 | G7: =SUMIFS(السجل!$I$2:$I$1000,السجل!$E$2:$E$1000,$A7,السجل!$A$2:$A$1000,G$1000) -> 0 | H7: =SUMIFS(السجل!$I$2:$I$1000,السجل!$E$2:$E$1000,$A7,السجل!$A$2:$A$1000,H$1000) -> 0 | I7: =SUMIFS(السجل!$I$2:$I$1000,السجل!$E$2:$E$1000,$A7,السجل!$A$2:$A$1000,I$1000) -> 0 | ... U7: =SUMIFS(السجل!$I$2:$I$1000,السجل!$E$2:$E$1000,$A7,السجل!$A$2:$A$1000,U$1000) -> 0 | V7: =SUM(B7:U7) -> 2700
A8: الإجمالي | B8: =SUM(B2:B7) -> 1150 | C8: =SUM(C2:C7) -> 1000 | D8: =SUM(D2:D7) -> 1150 | E8: =SUM(E2:E7) -> 1150 | F8: =SUM(F2:F7) -> 1600 | G8: =SUM(G2:G7) -> 1450 | H8: =SUM(H2:H7) -> 800 | I8: =SUM(I2:I7) -> 800 | ... V8: =SUM(V2:V7) -> 23600
B1000: 2026-09-01 | C1000: 2026-09-26 | D1000: 2026-09-27 | E1000: 2026-09-28 | F1000: 2026-09-29 | G1000: 2026-09-30 | H1000: 2026-10-01 | I1000: 2026-10-02 | J1000: 2026-10-03 | K1000: 2026-10-04 | L1000: 2026-10-05 | M1000: 2026-10-06 | N1000: 2026-10-07 | O1000: 2026-10-08 | P1000: 2026-10-09 | Q1000: 2026-10-10 | R1000: 2026-10-11 | S1000: 2026-10-13 | T1000: 2026-10-14 | U1000: 2026-10-15

Sheet الإعدادات
A1: البند | B1: المبلغ (ريال)
A2: جرد + مراجعة | B2: 200
A3: مراجعة فقط | B3: 150
A4: جرد فقط | B4: 100
A6: ملاحظات:
A7: • المستحق يُحسب لكل صيدلية: الشخص اللي جرد وراجع نفس الصيدلية = 200، راجع فقط = 150، جرد فقط = 100.
A8: • الخلايا الصفراء (باللون الأزرق) قابلة للتعديل، وكل الحسابات تتحدث تلقائيًا.
A9: • في شيت (السجل) كل صف = شخص واحد في صيدلية واحدة، واكتب (نعم) في عمود جرد و/أو راجع.

Sheet جدول الجرد
A1: اليوم | B1: التاريخ | C1: الصيدلية 1 | D1: الصيدلية 2 | E1: الموقع
A2: الثلاثاء | B2: 2026-09-01 | C2: صيدلية رقم 15 | D2: صيدلية رقم 16 | E2: الخرج
A3: السبت | B3: 2026-09-26 | C3: صيدلية رقم 4 | D3: صيدلية رقم 5 | E3: الخرج
A4: الأحد | B4: 2026-09-27 | C4: صيدلية رقم 3 | D4: صيدلية رقم 31 | E4: الخرج
A5: الاثنين | B5: 2026-09-28 | C5: صيدلية رقم 29 | D5: صيدلية رقم 22 | E5: الخرج
A6: الثلاثاء | B6: 2026-09-29 | C6: صيدلية رقم 21 | D6: صيدلية رقم 30 | E6: الخرج
A7: الأربعاء | B7: 2026-09-30 | C7: صيدلية رقم 10 | D7: صيدلية رقم 17 | E7: الخرج
A8: الخميس | B8: 2026-10-01 | C8: صيدلية رقم 28 | D8: *** | E8: الدلم
A9: الجمعة | B9: 2026-10-02 | C9: صيدلية رقم 7 | D9: *** | E9: الدلم
A10: السبت | B10: 2026-10-03 | C10: صيدلية رقم 9 | D10: *** | E10: الدلم
A11: الأحد | B11: 2026-10-04 | C11: صيدلية رقم 32 | D11: صيدلية رقم 39 | E11: الحوطة
A12: الاثنين | B12: 2026-10-05 | C12: صيدلية رقم 33 | D12: صيدلية رقم 34 | E12: الأفلاج
... A29: الجمعة | B29: 2026-10-23 | C29: صيدلية رقم 1 | D29: *** | E29: الخرج

Sheet السجل
A1: التاريخ | B1: اليوم | C1: الموقع | D1: رقم الصيدلية | E1: الاسم | F1: جرد | G1: راجع | H1: نوع المهمة | I1: المستحق
A2: 2026-09-01 | B2: =IF(A2="","",IFERROR(INDEX('جدول الجرد'!$A$2:$A$29,MATCH(A2,'جدول الجرد'!$B$2:$B$29,0)),"")) -> الثلاثاء | C2: =IF(A2="","",IFERROR(INDEX('جدول الجرد'!$E$2:$E$29,MATCH(A2,'جدول الجرد'!$B$2:$B$29,0)),"")) -> الخرج | D2: 15 | E2: د. حسام شلش | F2: نعم | G2: نعم | H2: =IF(E2="","",IF(AND(F2="نعم",G2="نعم"),"جرد + مراجعة",IF(F2="نعم","جرد فقط",IF(G2="نعم","مراجعة فقط","")))) -> جرد + مراجعة | I2: =IF(H2="جرد + مراجعة",الإعدادات!$B$2,IF(H2="مراجعة فقط",الإعدادات!$B$3,IF(H2="جرد فقط",الإعدادات!$B$4,0))) -> 200
A3: 2026-09-01 | B3: =IF(A3="","",IFERROR(INDEX('جدول الجرد'!$A$2:$A$29,MATCH(A3,'جدول الجرد'!$B$2:$B$29,0)),"")) -> الثلاثاء | C3: =IF(A3="","",IFERROR(INDEX('جدول الجرد'!$E$2:$E$29,MATCH(A3,'جدول الجرد'!$B$2:$B$29,0)),"")) -> الخرج | D3: 15 | E3: د. السيد حسن | G3: نعم | H3: =IF(E3="","",IF(AND(F3="نعم",G3="نعم"),"جرد + مراجعة",IF(F3="نعم","جرد فقط",IF(G3="نعم","مراجعة فقط","")))) -> مراجعة فقط | I3: =IF(H3="جرد + مراجعة",الإعدادات!$B$2,IF(H3="مراجعة فقط",الإعدادات!$B$3,IF(H3="جرد فقط",الإعدادات!$B$4,0))) -> 150
A4: 2026-09-01 | B4: =IF(A4="","",IFERROR(INDEX('جدول الجرد'!$A$2:$A$29,MATCH(A4,'جدول الجرد'!$B$2:$B$29,0)),"")) -> الثلاثاء | C4: =IF(A4="","",IFERROR(INDEX('جدول الجرد'!$E$2:$E$29,MATCH(A4,'جدول الجرد'!$B$2:$B$29,0)),"")) -> الخرج | D4: 15 | E4: د. أيمن حسين | G4: نعم | H4: =IF(E4="","",IF(AND(F4="نعم",G4="نعم"),"جرد + مراجعة",IF(F4="نعم","جرد فقط",IF(G4="نعم","مراجعة فقط","")))) -> مراجعة فقط | I4: =IF(H4="جرد + مراجعة",الإعدادات!$B$2,IF(H4="مراجعة فقط",الإعدادات!$B$3,IF(H4="جرد فقط",الإعدادات!$B$4,0))) -> 150
A5: 2026-09-01 | B5: =IF(A5="","",IFERROR(INDEX('جدول الجرد'!$A$2:$A$29,MATCH(A5,'جدول الجرد'!$B$2:$B$29,0)),"")) -> الثلاثاء | C5: =IF(A5="","",IFERROR(INDEX('جدول الجرد'!$E$2:$E$29,MATCH(A5,'جدول الجرد'!$B$2:$B$29,0)),"")) -> الخرج | D5: 16 | E5: د. حسام شلش | F5: نعم | G5: نعم | H5: =IF(E5="","",IF(AND(F5="نعم",G5="نعم"),"جرد + مراجعة",IF(F5="نعم","جرد فقط",IF(G5="نعم","مراجعة فقط","")))) -> جرد + مراجعة | I5: =IF(H5="جرد + مراجعة",الإعدادات!$B$2,IF(H5="مراجعة فقط",الإعدادات!$B$3,IF(H5="جرد فقط",الإعدادات!$B$4,0))) -> 200
A6: 2026-09-01 | B6: =IF(A6="","",IFERROR(INDEX('جدول الجرد'!$A$2:$A$29,MATCH(A6,'جدول الجرد'!$B$2:$B$29,0)),"")) -> الثلاثاء | C6: =IF(A6="","",IFERROR(INDEX('جدول الجرد'!$E$2:$E$29,MATCH(A6,'جدول الجرد'!$B$2:$B$29,0)),"")) -> الخرج | D6: 16 | E6: د. السيد حسن | G6: نعم | H6: =IF(E6="","",IF(AND(F6="نعم",G6="نعم"),"جرد + مراجعة",IF(F6="نعم","جرد فقط",IF(G6="نعم","مراجعة فقط","")))) -> مراجعة فقط | I6: =IF(H6="جرد + مراجعة",الإعدادات!$B$2,IF(H6="مراجعة فقط",الإعدادات!$B$3,IF(H6="جرد فقط",الإعدادات!$B$4,0))) -> 150
A7: 2026-09-01 | B7: =IF(A7="","",IFERROR(INDEX('جدول الجرد'!$A$2:$A$29,MATCH(A7,'جدول الجرد'!$B$2:$B$29,0)),"")) -> الثلاثاء | C7: =IF(A7="","",IFERROR(INDEX('جدول الجرد'!$E$2:$E$29,MATCH(A7,'جدول الجرد'!$B$2:$B$29,0)),"")) -> الخرج | D7: 16 | E7: د. أيمن حسين | G7: نعم | H7: =IF(E7="","",IF(AND(F7="نعم",G7="نعم"),"جرد + مراجعة",IF(F7="نعم","جرد فقط",IF(G7="نعم","مراجعة فقط","")))) -> مراجعة فقط | I7: =IF(H7="جرد + مراجعة",الإعدادات!$B$2,IF(H7="مراجعة فقط",الإعدادات!$B$3,IF(H7="جرد فقط",الإعدادات!$B$4,0))) -> 150
A8: 2026-09-01 | B8: =IF(A8="","",IFERROR(INDEX('جدول الجرد'!$A$2:$A$29,MATCH(A8,'جدول الجرد'!$B$2:$B$29,0)),"")) -> الثلاثاء | C8: =IF(A8="","",IFERROR(INDEX('جدول الجرد'!$E$2:$E$29,MATCH(A8,'جدول الجرد'!$B$2:$B$29,0)),"")) -> الخرج | D8: 16 | E8: د. الحسن الغنيمي | G8: نعم | H8: =IF(E8="","",IF(AND(F8="نعم",G8="نعم"),"جرد + مراجعة",IF(F8="نعم","جرد فقط",IF(G8="نعم","مراجعة فقط","")))) -> مراجعة فقط | I8: =IF(H8="جرد + مراجعة",الإعدادات!$B$2,IF(H8="مراجعة فقط",الإعدادات!$B$3,IF(H8="جرد فقط",الإعدادات!$B$4,0))) -> 150
A9: 2026-09-26 | B9: =IF(A9="","",IFERROR(INDEX('جدول الجرد'!$A$2:$A$29,MATCH(A9,'جدول الجرد'!$B$2:$B$29,0)),"")) -> السبت | C9: =IF(A9="","",IFERROR(INDEX('جدول الجرد'!$E$2:$E$29,MATCH(A9,'جدول الجرد'!$B$2:$B$29,0)),"")) -> الخرج | D9: 4 | E9: د. حسام شلش | F9: نعم | G9: نعم | H9: =IF(E9="","",IF(AND(F9="نعم",G9="نعم"),"جرد + مراجعة",IF(F9="نعم","جرد فقط",IF(G9="نعم","مراجعة فقط","")))) -> جرد + مراجعة | I9: =IF(H9="جرد + مراجعة",الإعدادات!$B$2,IF(H9="مراجعة فقط",الإعدادات!$B$3,IF(H9="جرد فقط",الإعدادات!$B$4,0))) -> 200
A10: 2026-09-26 | B10: =IF(A10="","",IFERROR(INDEX('جدول الجرد'!$A$2:$A$29,MATCH(A10,'جدول الجرد'!$B$2:$B$29,0)),"")) -> السبت | C10: =IF(A10="","",IFERROR(INDEX('جدول الجرد'!$E$2:$E$29,MATCH(A10,'جدول الجرد'!$B$2:$B$29,0)),"")) -> الخرج | D10: 4 | E10: د. السيد حسن | G10: نعم | H10: =IF(E10="","",IF(AND(F10="نعم",G10="نعم"),"جرد + مراجعة",IF(F10="نعم","جرد فقط",IF(G10="نعم","مراجعة فقط","")))) -> مراجعة فقط | I10: =IF(H10="جرد + مراجعة",الإعدادات!$B$2,IF(H10="مراجعة فقط",الإعدادات!$B$3,IF(H10="جرد فقط",الإعدادات!$B$4,0))) -> 150
A11: 2026-09-26 | B11: =IF(A11="","",IFERROR(INDEX('جدول الجرد'!$A$2:$A$29,MATCH(A11,'جدول الجرد'!$B$2:$B$29,0)),"")) -> السبت | C11: =IF(A11="","",IFERROR(INDEX('جدول الجرد'!$E$2:$E$29,MATCH(A11,'جدول الجرد'!$B$2:$B$29,0)),"")) -> الخرج | D11: 4 | E11: د. علي خليفة | G11: نعم | H11: =IF(E11="","",IF(AND(F11="نعم",G11="نعم"),"جرد + مراجعة",IF(F11="نعم","جرد فقط",IF(G11="نعم","مراجعة فقط","")))) -> مراجعة فقط | I11: =IF(H11="جرد + مراجعة",الإعدادات!$B$2,IF(H11="مراجعة فقط",الإعدادات!$B$3,IF(H11="جرد فقط",الإعدادات!$B$4,0))) -> 150
A12: 2026-09-26 | B12: =IF(A12="","",IFERROR(INDEX('جدول الجرد'!$A$2:$A$29,MATCH(A12,'جدول الجرد'!$B$2:$B$29,0)),"")) -> السبت | C12: =IF(A12="","",IFERROR(INDEX('جدول الجرد'!$E$2:$E$29,MATCH(A12,'جدول الجرد'!$B$2:$B$29,0)),"")) -> الخرج | D12: 5 | E12: د. حسام شلش | F12: نعم | G12: نعم | H12: =IF(E12="","",IF(AND(F12="نعم",G12="نعم"),"جرد + مراجعة",IF(F12="نعم","جرد فقط",IF(G12="نعم","مراجعة فقط","")))) -> جرد + مراجعة | I12: =IF(H12="جرد + مراجعة",الإعدادات!$B$2,IF(H12="مراجعة فقط",الإعدادات!$B$3,IF(H12="جرد فقط",الإعدادات!$B$4,0))) -> 200
A13: 2026-09-26 | B13: =IF(A13="","",IFERROR(INDEX('جدول الجرد'!$A$2:$A$29,MATCH(A13,'جدول الجرد'!$B$2:$B$29,0)),"")) -> السبت | C13: =IF(A13="","",IFERROR(INDEX('جدول الجرد'!$E$2:$E$29,MATCH(A13,'جدول الجرد'!$B$2:$B$29,0)),"")) -> الخرج | D13: 5 | E13: د. السيد حسن | G13: نعم | H13: =IF(E13="","",IF(AND(F13="نعم",G13="نعم"),"جرد + مراجعة",IF(F13="نعم","جرد فقط",IF(G13="نعم","مراجعة فقط","")))) -> مراجعة فقط | I13: =IF(H13="جرد + مراجعة",الإعدادات!$B$2,IF(H13="مراجعة فقط",الإعدادات!$B$3,IF(H13="جرد فقط",الإعدادات!$B$4,0))) -> 150
A14: 2026-09-26 | B14: =IF(A14="","",IFERROR(INDEX('جدول الجرد'!$A$2:$A$29,MATCH(A14,'جدول الجرد'!$B$2:$B$29,0)),"")) -> السبت | C14: =IF(A14="","",IFERROR(INDEX('جدول الجرد'!$E$2:$E$29,MATCH(A14,'جدول الجرد'!$B$2:$B$29,0)),"")) -> الخرج | D14: 5 | E14: د. علي خليفة | G14: نعم | H14: =IF(E14="","",IF(AND(F14="نعم",G14="نعم"),"جرد + مراجعة",IF(F14="نعم","جرد فقط",IF(G14="نعم","مراجعة فقط","")))) -> مراجعة فقط | I14: =IF(H14="جرد + مراجعة",الإعدادات!$B$2,IF(H14="مراجعة فقط",الإعدادات!$B$3,IF(H14="جرد فقط",الإعدادات!$B$4,0))) -> 150
A15: 2026-09-27 | B15: =IF(A15="","",IFERROR(INDEX('جدول الجرد'!$A$2:$A$29,MATCH(A15,'جدول الجرد'!$B$2:$B$29,0)),"")) -> الأحد | C15: =IF(A15="","",IFERROR(INDEX('جدول الجرد'!$E$2:$E$29,MATCH(A15,'جدول الجرد'!$B$2:$B$29,0)),"")) -> الخرج | D15: 3 | E15: د. علي خليفة | F15: نعم | G15: نعم | H15: =IF(E15="","",IF(AND(F15="نعم",G15="نعم"),"جرد + مراجعة",IF(F15="نعم","جرد فقط",IF(G15="نعم","مراجعة فقط","")))) -> جرد + مراجعة | I15: =IF(H15="جرد + مراجعة",الإعدادات!$B$2,IF(H15="مراجعة فقط",الإعدادات!$B$3,IF(H15="جرد فقط",الإعدادات!$B$4,0))) -> 200
A16: 2026-09-27 | B16: =IF(A16="","",IFERROR(INDEX('جدول الجرد'!$A$2:$A$29,MATCH(A16,'جدول الجرد'!$B$2:$B$29,0)),"")) -> الأحد | C16: =IF(A16="","",IFERROR(INDEX('جدول الجرد'!$E$2:$E$29,MATCH(A16,'جدول الجرد'!$B$2:$B$29,0)),"")) -> الخرج | D16: 3 | E16: د. حسام شلش | G16: نعم | H16: =IF(E16="","",IF(AND(F16="نعم",G16="نعم"),"جرد + مراجعة",IF(F16="نعم","جرد فقط",IF(G16="نعم","مراجعة فقط","")))) -> مراجعة فقط | I16: =IF(H16="جرد + مراجعة",الإعدادات!$B$2,IF(H16="مراجعة فقط",الإعدادات!$B$3,IF(H16="جرد فقط",الإعدادات!$B$4,0))) -> 150
A17: 2026-09-27 | B17: =IF(A17="","",IFERROR(INDEX('جدول الجرد'!$A$2:$A$29,MATCH(A17,'جدول الجرد'!$B$2:$B$29,0)),"")) -> الأحد | C17: =IF(A17="","",IFERROR(INDEX('جدول الجرد'!$E$2:$E$29,MATCH(A17,'جدول الجرد'!$B$2:$B$29,0)),"")) -> الخرج | D17: 3 | E17: د. السيد حسن | G17: نعم | H17: =IF(E17="","",IF(AND(F17="نعم",G17="نعم"),"جرد + مراجعة",IF(F17="نعم","جرد فقط",IF(G17="نعم","مراجعة فقط","")))) -> مراجعة فقط | I17: =IF(H17="جرد + مراجعة",الإعدادات!$B$2,IF(H17="مراجعة فقط",الإعدادات!$B$3,IF(H17="جرد فقط",الإعدادات!$B$4,0))) -> 150
A18: 2026-09-27 | B18: =IF(A18="","",IFERROR(INDEX('جدول الجرد'!$A$2:$A$29,MATCH(A18,'جدول الجرد'!$B$2:$B$29,0)),"")) -> الأحد | C18: =IF(A18="","",IFERROR(INDEX('جدول الجرد'!$E$2:$E$29,MATCH(A18,'جدول الجرد'!$B$2:$B$29,0)),"")) -> الخرج | D18: 31 | E18: د. علي خليفة | F18: نعم | G18: نعم | H18: =IF(E18="","",IF(AND(F18="نعم",G18="نعم"),"جرد + مراجعة",IF(F18="نعم","جرد فقط",IF(G18="نعم","مراجعة فقط","")))) -> جرد + مراجعة | I18: =IF(H18="جرد + مراجعة",الإعدادات!$B$2,IF(H18="مراجعة فقط",الإعدادات!$B$3,IF(H18="جرد فقط",الإعدادات!$B$4,0))) -> 200
A19: 2026-09-27 | B19: =IF(A19="","",IFERROR(INDEX('جدول الجرد'!$A$2:$A$29,MATCH(A19,'جدول الجرد'!$B$2:$B$29,0)),"")) -> الأحد | C19: =IF(A19="","",IFERROR(INDEX('جدول الجرد'!$E$2:$E$29,MATCH(A19,'جدول الجرد'!$B$2:$B$29,0)),"")) -> الخرج | D19: 31 | E19: د. حسام شلش | G19: نعم | H19: =IF(E19="","",IF(AND(F19="نعم",G19="نعم"),"جرد + مراجعة",IF(F19="نعم","جرد فقط",IF(G19="نعم","مراجعة فقط","")))) -> مراجعة فقط | I19: =IF(H19="جرد + مراجعة",الإعدادات!$B$2,IF(H19="مراجعة فقط",الإعدادات!$B$3,IF(H19="جرد فقط",الإعدادات!$B$4,0))) -> 150
A20: 2026-09-27 | B20: =IF(A20="","",IFERROR(INDEX('جدول الجرد'!$A$2:$A$29,MATCH(A20,'جدول الجرد'!$B$2:$B$29,0)),"")) -> الأحد | C20: =IF(A20="","",IFERROR(INDEX('جدول الجرد'!$E$2:$E$29,MATCH(A20,'جدول الجرد'!$B$2:$B$29,0)),"")) -> الخرج | D20: 31 | E20: د. السيد حسن | G20: نعم | H20: =IF(E20="","",IF(AND(F20="نعم",G20="نعم"),"جرد + مراجعة",IF(F20="نعم","جرد فقط",IF(G20="نعم","مراجعة فقط","")))) -> مراجعة فقط | I20: =IF(H20="جرد + مراجعة",الإعدادات!$B$2,IF(H20="مراجعة فقط",الإعدادات!$B$3,IF(H20="جرد فقط",الإعدادات!$B$4,0))) -> 150
A21: 2026-09-27 | B21: =IF(A21="","",IFERROR(INDEX('جدول الجرد'!$A$2:$A$29,MATCH(A21,'جدول الجرد'!$B$2:$B$29,0)),"")) -> الأحد | C21: =IF(A21="","",IFERROR(INDEX('جدول الجرد'!$E$2:$E$29,MATCH(A21,'جدول الجرد'!$B$2:$B$29,0)),"")) -> الخرج | D21: 31 | E21: د. أيمن حسين | G21: نعم | H21: =IF(E21="","",IF(AND(F21="نعم",G21="نعم"),"جرد + مراجعة",IF(F21="نعم","جرد فقط",IF(G21="نعم","مراجعة فقط","")))) -> مراجعة فقط | I21: =IF(H21="جرد + مراجعة",الإعدادات!$B$2,IF(H21="مراجعة فقط",الإعدادات!$B$3,IF(H21="جرد فقط",الإعدادات!$B$4,0))) -> 150
A22: 2026-09-28 | B22: =IF(A22="","",IFERROR(INDEX('جدول الجرد'!$A$2:$A$29,MATCH(A22,'جدول الجرد'!$B$2:$B$29,0)),"")) -> الاثنين | C22: =IF(A22="","",IFERROR(INDEX('جدول الجرد'!$E$2:$E$29,MATCH(A22,'جدول الجرد'!$B$2:$B$29,0)),"")) -> الخرج | D22: 29 | E22: د. حسام شلش | F22: نعم | G22: نعم | H22: =IF(E22="","",IF(AND(F22="نعم",G22="نعم"),"جرد + مراجعة",IF(F22="نعم","جرد فقط",IF(G22="نعم","مراجعة فقط","")))) -> جرد + مراجعة | I22: =IF(H22="جرد + مراجعة",الإعدادات!$B$2,IF(H22="مراجعة فقط",الإعدادات!$B$3,IF(H22="جرد فقط",الإعدادات!$B$4,0))) -> 200
A23: 2026-09-28 | B23: =IF(A23="","",IFERROR(INDEX('جدول الجرد'!$A$2:$A$29,MATCH(A23,'جدول الجرد'!$B$2:$B$29,0)),"")) -> الاثنين | C23: =IF(A23="","",IFERROR(INDEX('جدول الجرد'!$E$2:$E$29,MATCH(A23,'جدول الجرد'!$B$2:$B$29,0)),"")) -> الخرج | D23: 29 | E23: د. السيد حسن | G23: نعم | H23: =IF(E23="","",IF(AND(F23="نعم",G23="نعم"),"جرد + مراجعة",IF(F23="نعم","جرد فقط",IF(G23="نعم","مراجعة فقط","")))) -> مراجعة فقط | I23: =IF(H23="جرد + مراجعة",الإعدادات!$B$2,IF(H23="مراجعة فقط",الإعدادات!$B$3,IF(H23="جرد فقط",الإعدادات!$B$4,0))) -> 150
A24: 2026-09-28 | B24: =IF(A24="","",IFERROR(INDEX('جدول الجرد'!$A$2:$A$29,MATCH(A24,'جدول الجرد'!$B$2:$B$29,0)),"")) -> الاثنين | C24: =IF(A24="","",IFERROR(INDEX('جدول الجرد'!$E$2:$E$29,MATCH(A24,'جدول الجرد'!$B$2:$B$29,0)),"")) -> الخرج | D24: 29 | E24: د. علي خليفة | G24: نعم | H24: =IF(E24="","",IF(AND(F24="نعم",G24="نعم"),"جرد + مراجعة",IF(F24="نعم","جرد فقط",IF(G24="نعم","مراجعة فقط","")))) -> مراجعة فقط | I24: =IF(H24="جرد + مراجعة",الإعدادات!$B$2,IF(H24="مراجعة فقط",الإعدادات!$B$3,IF(H24="جرد فقط",الإعدادات!$B$4,0))) -> 150
A25: 2026-09-28 | B25: =IF(A25="","",IFERROR(INDEX('جدول الجرد'!$A$2:$A$29,MATCH(A25,'جدول الجرد'!$B$2:$B$29,0)),"")) -> الاثنين | C25: =IF(A25="","",IFERROR(INDEX('جدول الجرد'!$E$2:$E$29,MATCH(A25,'جدول الجرد'!$B$2:$B$29,0)),"")) -> الخرج | D25: 29 | E25: د. أيمن حسين | G25: نعم | H25: =IF(E25="","",IF(AND(F25="نعم",G25="نعم"),"جرد + مراجعة",IF(F25="نعم","جرد فقط",IF(G25="نعم","مراجعة فقط","")))) -> مراجعة فقط | I25: =IF(H25="جرد + مراجعة",الإعدادات!$B$2,IF(H25="مراجعة فقط",الإعدادات!$B$3,IF(H25="جرد فقط",الإعدادات!$B$4,0))) -> 150
A26: 2026-09-28 | B26: =IF(A26="","",IFERROR(INDEX('جدول الجرد'!$A$2:$A$29,MATCH(A26,'جدول الجرد'!$B$2:$B$29,0)),"")) -> الاثنين | C26: =IF(A26="","",IFERROR(INDEX('جدول الجرد'!$E$2:$E$29,MATCH(A26,'جدول الجرد'!$B$2:$B$29,0)),"")) -> الخرج | D26: 22 | E26: د. حسام شلش | F26: نعم | G26: نعم | H26: =IF(E26="","",IF(AND(F26="نعم",G26="نعم"),"جرد + مراجعة",IF(F26="نعم","جرد فقط",IF(G26="نعم","مراجعة فقط","")))) -> جرد + مراجعة | I26: =IF(H26="جرد + مراجعة",الإعدادات!$B$2,IF(H26="مراجعة فقط",الإعدادات!$B$3,IF(H26="جرد فقط",الإعدادات!$B$4,0))) -> 200
A27: 2026-09-28 | B27: =IF(A27="","",IFERROR(INDEX('جدول الجرد'!$A$2:$A$29,MATCH(A27,'جدول الجرد'!$B$2:$B$29,0)),"")) -> الاثنين | C27: =IF(A27="","",IFERROR(INDEX('جدول الجرد'!$E$2:$E$29,MATCH(A27,'جدول الجرد'!$B$2:$B$29,0)),"")) -> الخرج | D27: 22 | E27: د. السيد حسن | G27: نعم | H27: =IF(E27="","",IF(AND(F27="نعم",G27="نعم"),"جرد + مراجعة",IF(F27="نعم","جرد فقط",IF(G27="نعم","مراجعة فقط","")))) -> مراجعة فقط | I27: =IF(H27="جرد + مراجعة",الإعدادات!$B$2,IF(H27="مراجعة فقط",الإعدادات!$B$3,IF(H27="جرد فقط",الإعدادات!$B$4,0))) -> 150
A28: 2026-09-28 | B28: =IF(A28="","",IFERROR(INDEX('جدول الجرد'!$A$2:$A$29,MATCH(A28,'جدول الجرد'!$B$2:$B$29,0)),"")) -> الاثنين | C28: =IF(A28="","",IFERROR(INDEX('جدول الجرد'!$E$2:$E$29,MATCH(A28,'جدول الجرد'!$B$2:$B$29,0)),"")) -> الخرج | D28: 22 | E28: د. علي خليفة | G28: نعم | H28: =IF(E28="","",IF(AND(F28="نعم",G28="نعم"),"جرد + مراجعة",IF(F28="نعم","جرد فقط",IF(G28="نعم","مراجعة فقط","")))) -> مراجعة فقط | I28: =IF(H28="جرد + مراجعة",الإعدادات!$B$2,IF(H28="مراجعة فقط",الإعدادات!$B$3,IF(H28="جرد فقط",الإعدادات!$B$4,0))) -> 150
A29: 2026-09-29 | B29: =IF(A29="","",IFERROR(INDEX('جدول الجرد'!$A$2:$A$29,MATCH(A29,'جدول الجرد'!$B$2:$B$29,0)),"")) -> الثلاثاء | C29: =IF(A29="","",IFERROR(INDEX('جدول الجرد'!$E$2:$E$29,MATCH(A29,'جدول الجرد'!$B$2:$B$29,0)),"")) -> الخرج | D29: 21 | E29: د. علي خليفة | F29: نعم | G29: نعم | H29: =IF(E29="","",IF(AND(F29="نعم",G29="نعم"),"جرد + مراجعة",IF(F29="نعم","جرد فقط",IF(G29="نعم","مراجعة فقط","")))) -> جرد + مراجعة | I29: =IF(H29="جرد + مراجعة",الإعدادات!$B$2,IF(H29="مراجعة فقط",الإعدادات!$B$3,IF(H29="جرد فقط",الإعدادات!$B$4,0))) -> 200
A30: 2026-09-29 | B30: =IF(A30="","",IFERROR(INDEX('جدول الجرد'!$A$2:$A$29,MATCH(A30,'جدول الجرد'!$B$2:$B$29,0)),"")) -> الثلاثاء | C30: =IF(A30="","",IFERROR(INDEX('جدول الجرد'!$E$2:$E$29,MATCH(A30,'جدول الجرد'!$B$2:$B$29,0)),"")) -> الخرج | D30: 21 | E30: د. السيد حسن | G30: نعم | H30: =IF(E30="","",IF(AND(F30="نعم",G30="نعم"),"جرد + مراجعة",IF(F30="نعم","جرد فقط",IF(G30="نعم","مراجعة فقط","")))) -> مراجعة فقط | I30: =IF(H30="جرد + مراجعة",الإعدادات!$B$2,IF(H30="مراجعة فقط",الإعدادات!$B$3,IF(H30="جرد فقط",الإعدادات!$B$4,0))) -> 150
A31: 2026-09-29 | B31: =IF(A31="","",IFERROR(INDEX('جدول الجرد'!$A$2:$A$29,MATCH(A31,'جدول الجرد'!$B$2:$B$29,0)),"")) -> الثلاثاء | C31: =IF(A31="","",IFERROR(INDEX('جدول الجرد'!$E$2:$E$29,MATCH(A31,'جدول الجرد'!$B$2:$B$29,0)),"")) -> الخرج | D31: 21 | E31: د. حسام شلش | G31: نعم | H31: =IF(E31="","",IF(AND(F31="نعم",G31="نعم"),"جرد + مراجعة",IF(F31="نعم","جرد فقط",IF(G31="نعم","مراجعة فقط","")))) -> مراجعة فقط | I31: =IF(H31="جرد + مراجعة",الإعدادات!$B$2,IF(H31="مراجعة فقط",الإعدادات!$B$3,IF(H31="جرد فقط",الإعدادات!$B$4,0))) -> 150
A32: 2026-09-29 | B32: =IF(A32="","",IFERROR(INDEX('جدول الجرد'!$A$2:$A$29,MATCH(A32,'جدول الجرد'!$B$2:$B$29,0)),"")) -> الثلاثاء | C32: =IF(A32="","",IFERROR(INDEX('جدول الجرد'!$E$2:$E$29,MATCH(A32,'جدول الجرد'!$B$2:$B$29,0)),"")) -> الخرج | D32: 21 | E32: د. أيمن حسين | G32: نعم | H32: =IF(E32="","",IF(AND(F32="نعم",G32="نعم"),"جرد + مراجعة",IF(F32="نعم","جرد فقط",IF(G32="نعم","مراجعة فقط","")))) -> مراجعة فقط | I32: =IF(H32="جرد + مراجعة",الإعدادات!$B$2,IF(H32="مراجعة فقط",الإعدادات!$B$3,IF(H32="جرد فقط",الإعدادات!$B$4,0))) -> 150
A33: 2026-09-29 | B33: =IF(A33="","",IFERROR(INDEX('جدول الجرد'!$A$2:$A$29,MATCH(A33,'جدول الجرد'!$B$2:$B$29,0)),"")) -> الثلاثاء | C33: =IF(A33="","",IFERROR(INDEX('جدول الجرد'!$E$2:$E$29,MATCH(A33,'جدول الجرد'!$B$2:$B$29,0)),"")) -> الخرج | D33: 21 | E33: د. الحسن الغنيمي | G33: نعم | H33: =IF(E33="","",IF(AND(F33="نعم",G33="نعم"),"جرد + مراجعة",IF(F33="نعم","جرد فقط",IF(G33="نعم","مراجعة فقط","")))) -> مراجعة فقط | I33: =IF(H33="جرد + مراجعة",الإعدادات!$B$2,IF(H33="مراجعة فقط",الإعدادات!$B$3,IF(H33="جرد فقط",الإعدادات!$B$4,0))) -> 150
A34: 2026-09-29 | B34: =IF(A34="","",IFERROR(INDEX('جدول الجرد'!$A$2:$A$29,MATCH(A34,'جدول الجرد'!$B$2:$B$29,0)),"")) -> الثلاثاء | C34: =IF(A34="","",IFERROR(INDEX('جدول الجرد'!$E$2:$E$29,MATCH(A34,'جدول الجرد'!$B$2:$B$29,0)),"")) -> الخرج | D34: 30 | E34: د. علي خليفة | F34: نعم | G34: نعم | H34: =IF(E34="","",IF(AND(F34="نعم",G34="نعم"),"جرد + مراجعة",IF(F34="نعم","جرد فقط",IF(G34="نعم","مراجعة فقط","")))) -> جرد + مراجعة | I34: =IF(H34="جرد + مراجعة",الإعدادات!$B$2,IF(H34="مراجعة فقط",الإعدادات!$B$3,IF(H34="جرد فقط",الإعدادات!$B$4,0))) -> 200
A35: 2026-09-29 | B35: =IF(A35="","",IFERROR(INDEX('جدول الجرد'!$A$2:$A$29,MATCH(A35,'جدول الجرد'!$B$2:$B$29,0)),"")) -> الثلاثاء | C35: =IF(A35="","",IFERROR(INDEX('جدول الجرد'!$E$2:$E$29,MATCH(A35,'جدول الجرد'!$B$2:$B$29,0)),"")) -> الخرج | D35: 30 | E35: د. السيد حسن | G35: نعم | H35: =IF(E35="","",IF(AND(F35="نعم",G35="نعم"),"جرد + مراجعة",IF(F35="نعم","جرد فقط",IF(G35="نعم","مراجعة فقط","")))) -> مراجعة فقط | I35: =IF(H35="جرد + مراجعة",الإعدادات!$B$2,IF(H35="مراجعة فقط",الإعدادات!$B$3,IF(H35="جرد فقط",الإعدادات!$B$4,0))) -> 150
A36: 2026-09-29 | B36: =IF(A36="","",IFERROR(INDEX('جدول الجرد'!$A$2:$A$29,MATCH(A36,'جدول الجرد'!$B$2:$B$29,0)),"")) -> الثلاثاء | C36: =IF(A36="","",IFERROR(INDEX('جدول الجرد'!$E$2:$E$29,MATCH(A36,'جدول الجرد'!$B$2:$B$29,0)),"")) -> الخرج | D36: 30 | E36: د. حسام شلش | G36: نعم | H36: =IF(E36="","",IF(AND(F36="نعم",G36="نعم"),"جرد + مراجعة",IF(F36="نعم","جرد فقط",IF(G36="نعم","مراجعة فقط","")))) -> مراجعة فقط | I36: =IF(H36="جرد + مراجعة",الإعدادات!$B$2,IF(H36="مراجعة فقط",الإعدادات!$B$3,IF(H36="جرد فقط",الإعدادات!$B$4,0))) -> 150
A37: 2026-09-29 | B37: =IF(A37="","",IFERROR(INDEX('جدول الجرد'!$A$2:$A$29,MATCH(A37,'جدول الجرد'!$B$2:$B$29,0)),"")) -> الثلاثاء | C37: =IF(A37="","",IFERROR(INDEX('جدول الجرد'!$E$2:$E$29,MATCH(A37,'جدول الجرد'!$B$2:$B$29,0)),"")) -> الخرج | D37: 30 | E37: د. أيمن حسين | G37: نعم | H37: =IF(E37="","",IF(AND(F37="نعم",G37="نعم"),"جرد + مراجعة",IF(F37="نعم","جرد فقط",IF(G37="نعم","مراجعة فقط","")))) -> مراجعة فقط | I37: =IF(H37="جرد + مراجعة",الإعدادات!$B$2,IF(H37="مراجعة فقط",الإعدادات!$B$3,IF(H37="جرد فقط",الإعدادات!$B$4,0))) -> 150
A38: 2026-09-29 | B38: =IF(A38="","",IFERROR(INDEX('جدول الجرد'!$A$2:$A$29,MATCH(A38,'جدول الجرد'!$B$2:$B$29,0)),"")) -> الثلاثاء | C38: =IF(A38="","",IFERROR(INDEX('جدول الجرد'!$E$2:$E$29,MATCH(A38,'جدول الجرد'!$B$2:$B$29,0)),"")) -> الخرج | D38: 30 | E38: د. الحسن الغنيمي | G38: نعم | H38: =IF(E38="","",IF(AND(F38="نعم",G38="نعم"),"جرد + مراجعة",IF(F38="نعم","جرد فقط",IF(G38="نعم","مراجعة فقط","")))) -> مراجعة فقط | I38: =IF(H38="جرد + مراجعة",الإعدادات!$B$2,IF(H38="مراجعة فقط",الإعدادات!$B$3,IF(H38="جرد فقط",الإعدادات!$B$4,0))) -> 150
A39: 2026-09-30 | B39: =IF(A39="","",IFERROR(INDEX('جدول الجرد'!$A$2:$A$29,MATCH(A39,'جدول الجرد'!$B$2:$B$29,0)),"")) -> الأربعاء | C39: =IF(A39="","",IFERROR(INDEX('جدول الجرد'!$E$2:$E$29,MATCH(A39,'جدول الجرد'!$B$2:$B$29,0)),"")) -> الخرج | D39: 10 | E39: د. حسام شلش | F39: نعم | G39: نعم | H39: =IF(E39="","",IF(AND(F39="نعم",G39="نعم"),"جرد + مراجعة",IF(F39="نعم","جرد فقط",IF(G39="نعم","مراجعة فقط","")))) -> جرد + مراجعة | I39: =IF(H39="جرد + مراجعة",الإعدادات!$B$2,IF(H39="مراجعة فقط",الإعدادات!$B$3,IF(H39="جرد فقط",الإعدادات!$B$4,0))) -> 200
A40: 2026-09-30 | B40: =IF(A40="","",IFERROR(INDEX('جدول الجرد'!$A$2:$A$29,MATCH(A40,'جدول الجرد'!$B$2:$B$29,0)),"")) -> الأربعاء | C40: =IF(A40="","",IFERROR(INDEX('جدول الجرد'!$E$2:$E$29,MATCH(A40,'جدول الجرد'!$B$2:$B$29,0)),"")) -> الخرج | D40: 10 | E40: د. علي خليفة | G40: نعم | H40: =IF(E40="","",IF(AND(F40="نعم",G40="نعم"),"جرد + مراجعة",IF(F40="نعم","جرد فقط",IF(G40="نعم","مراجعة فقط","")))) -> مراجعة فقط | I40: =IF(H40="جرد + مراجعة",الإعدادات!$B$2,IF(H40="مراجعة فقط",الإعدادات!$B$3,IF(H40="جرد فقط",الإعدادات!$B$4,0))) -> 150
A41: 2026-09-30 | B41: =IF(A41="","",IFERROR(INDEX('جدول الجرد'!$A$2:$A$29,MATCH(A41,'جدول الجرد'!$B$2:$B$29,0)),"")) -> الأربعاء | C41: =IF(A41="","",IFERROR(INDEX('جدول الجرد'!$E$2:$E$29,MATCH(A41,'جدول الجرد'!$B$2:$B$29,0)),"")) -> الخرج | D41: 10 | E41: د. السيد حسن | G41: نعم | H41: =IF(E41="","",IF(AND(F41="نعم",G41="نعم"),"جرد + مراجعة",IF(F41="نعم","جرد فقط",IF(G41="نعم","مراجعة فقط","")))) -> مراجعة فقط | I41: =IF(H41="جرد + مراجعة",الإعدادات!$B$2,IF(H41="مراجعة فقط",الإعدادات!$B$3,IF(H41="جرد فقط",الإعدادات!$B$4,0))) -> 150
A42: 2026-09-30 | B42: =IF(A42="","",IFERROR(INDEX('جدول الجرد'!$A$2:$A$29,MATCH(A42,'جدول الجرد'!$B$2:$B$29,0)),"")) -> الأربعاء | C42: =IF(A42="","",IFERROR(INDEX('جدول الجرد'!$E$2:$E$29,MATCH(A42,'جدول الجرد'!$B$2:$B$29,0)),"")) -> الخرج | D42: 10 | E42: د. أيمن حسين | G42: نعم | H42: =IF(E42="","",IF(AND(F42="نعم",G42="نعم"),"جرد + مراجعة",IF(F42="نعم","جرد فقط",IF(G42="نعم","مراجعة فقط","")))) -> مراجعة فقط | I42: =IF(H42="جرد + مراجعة",الإعدادات!$B$2,IF(H42="مراجعة فقط",الإعدادات!$B$3,IF(H42="جرد فقط",الإعدادات!$B$4,0))) -> 150
A43: 2026-09-30 | B43: =IF(A43="","",IFERROR(INDEX('جدول الجرد'!$A$2:$A$29,MATCH(A43,'جدول الجرد'!$B$2:$B$29,0)),"")) -> الأربعاء | C43: =IF(A43="","",IFERROR(INDEX('جدول الجرد'!$E$2:$E$29,MATCH(A43,'جدول الجرد'!$B$2:$B$29,0)),"")) -> الخرج | D43: 17 | E43: د. حسام شلش | F43: نعم | G43: نعم | H43: =IF(E43="","",IF(AND(F43="نعم",G43="نعم"),"جرد + مراجعة",IF(F43="نعم","جرد فقط",IF(G43="نعم","مراجعة فقط","")))) -> جرد + مراجعة | I43: =IF(H43="جرد + مراجعة",الإعدادات!$B$2,IF(H43="مراجعة فقط",الإعدادات!$B$3,IF(H43="جرد فقط",الإعدادات!$B$4,0))) -> 200
A44: 2026-09-30 | B44: =IF(A44="","",IFERROR(INDEX('جدول الجرد'!$A$2:$A$29,MATCH(A44,'جدول الجرد'!$B$2:$B$29,0)),"")) -> الأربعاء | C44: =IF(A44="","",IFERROR(INDEX('جدول الجرد'!$E$2:$E$29,MATCH(A44,'جدول الجرد'!$B$2:$B$29,0)),"")) -> الخرج | D44: 17 | E44: د. علي خليفة | G44: نعم | H44: =IF(E44="","",IF(AND(F44="نعم",G44="نعم"),"جرد + مراجعة",IF(F44="نعم","جرد فقط",IF(G44="نعم","مراجعة فقط","")))) -> مراجعة فقط | I44: =IF(H44="جرد + مراجعة",الإعدادات!$B$2,IF(H44="مراجعة فقط",الإعدادات!$B$3,IF(H44="جرد فقط",الإعدادات!$B$4,0))) -> 150
A45: 2026-09-30 | B45: =IF(A45="","",IFERROR(INDEX('جدول الجرد'!$A$2:$A$29,MATCH(A45,'جدول الجرد'!$B$2:$B$29,0)),"")) -> الأربعاء | C45: =IF(A45="","",IFERROR(INDEX('جدول الجرد'!$E$2:$E$29,MATCH(A45,'جدول الجرد'!$B$2:$B$29,0)),"")) -> الخرج | D45: 17 | E45: د. السيد حسن | G45: نعم | H45: =IF(E45="","",IF(AND(F45="نعم",G45="نعم"),"جرد + مراجعة",IF(F45="نعم","جرد فقط",IF(G45="نعم","مراجعة فقط","")))) -> مراجعة فقط | I45: =IF(H45="جرد + مراجعة",الإعدادات!$B$2,IF(H45="مراجعة فقط",الإعدادات!$B$3,IF(H45="جرد فقط",الإعدادات!$B$4,0))) -> 150
A46: 2026-09-30 | B46: =IF(A46="","",IFERROR(INDEX('جدول الجرد'!$A$2:$A$29,MATCH(A46,'جدول الجرد'!$B$2:$B$29,0)),"")) -> الأربعاء | C46: =IF(A46="","",IFERROR(INDEX('جدول الجرد'!$E$2:$E$29,MATCH(A46,'جدول الجرد'!$B$2:$B$29,0)),"")) -> الخرج | D46: 17 | E46: د. أيمن حسين | G46: نعم | H46: =IF(E46="","",IF(AND(F46="نعم",G46="نعم"),"جرد + مراجعة",IF(F46="نعم","جرد فقط",IF(G46="نعم","مراجعة فقط","")))) -> مراجعة فقط | I46: =IF(H46="جرد + مراجعة",الإعدادات!$B$2,IF(H46="مراجعة فقط",الإعدادات!$B$3,IF(H46="جرد فقط",الإعدادات!$B$4,0))) -> 150
A47: 2026-09-30 | B47: =IF(A47="","",IFERROR(INDEX('جدول الجرد'!$A$2:$A$29,MATCH(A47,'جدول الجرد'!$B$2:$B$29,0)),"")) -> الأربعاء | C47: =IF(A47="","",IFERROR(INDEX('جدول الجرد'!$E$2:$E$29,MATCH(A47,'جدول الجرد'!$B$2:$B$29,0)),"")) -> الخرج | D47: 17 | E47: د. الحسن الغنيمي | G47: نعم | H47: =IF(E47="","",IF(AND(F47="نعم",G47="نعم"),"جرد + مراجعة",IF(F47="نعم","جرد فقط",IF(G47="نعم","مراجعة فقط","")))) -> مراجعة فقط | I47: =IF(H47="جرد + مراجعة",الإعدادات!$B$2,IF(H47="مراجعة فقط",الإعدادات!$B$3,IF(H47="جرد فقط",الإعدادات!$B$4,0))) -> 150
A48: 2026-10-01 | B48: =IF(A48="","",IFERROR(INDEX('جدول الجرد'!$A$2:$A$29,MATCH(A48,'جدول الجرد'!$B$2:$B$29,0)),"")) -> الخميس | C48: =IF(A48="","",IFERROR(INDEX('جدول الجرد'!$E$2:$E$29,MATCH(A48,'جدول الجرد'!$B$2:$B$29,0)),"")) -> الدلم | D48: 28 | E48: د. علي خليفة | F48: نعم | G48: نعم | H48: =IF(E48="","",IF(AND(F48="نعم",G48="نعم"),"جرد + مراجعة",IF(F48="نعم","جرد فقط",IF(G48="نعم","مراجعة فقط","")))) -> جرد + مراجعة | I48: =IF(H48="جرد + مراجعة",الإعدادات!$B$2,IF(H48="مراجعة فقط",الإعدادات!$B$3,IF(H48="جرد فقط",الإعدادات!$B$4,0))) -> 200
A49: 2026-10-01 | B49: =IF(A49="","",IFERROR(INDEX('جدول الجرد'!$A$2:$A$29,MATCH(A49,'جدول الجرد'!$B$2:$B$29,0)),"")) -> الخميس | C49: =IF(A49="","",IFERROR(INDEX('جدول الجرد'!$E$2:$E$29,MATCH(A49,'جدول الجرد'!$B$2:$B$29,0)),"")) -> الدلم | D49: 28 | E49: د. حسام شلش | G49: نعم | H49: =IF(E49="","",IF(AND(F49="نعم",G49="نعم"),"جرد + مراجعة",IF(F49="نعم","جرد فقط",IF(G49="نعم","مراجعة فقط","")))) -> مراجعة فقط | I49: =IF(H49="جرد + مراجعة",الإعدادات!$B$2,IF(H49="مراجعة فقط",الإعدادات!$B$3,IF(H49="جرد فقط",الإعدادات!$B$4,0))) -> 150
A50: 2026-10-01 | B50: =IF(A50="","",IFERROR(INDEX('جدول الجرد'!$A$2:$A$29,MATCH(A50,'جدول الجرد'!$B$2:$B$29,0)),"")) -> الخميس | C50: =IF(A50="","",IFERROR(INDEX('جدول الجرد'!$E$2:$E$29,MATCH(A50,'جدول الجرد'!$B$2:$B$29,0)),"")) -> الدلم | D50: 28 | E50: د. السيد حسن | G50: نعم | H50: =IF(E50="","",IF(AND(F50="نعم",G50="نعم"),"جرد + مراجعة",IF(F50="نعم","جرد فقط",IF(G50="نعم","مراجعة فقط","")))) -> مراجعة فقط | I50: =IF(H50="جرد + مراجعة",الإعدادات!$B$2,IF(H50="مراجعة فقط",الإعدادات!$B$3,IF(H50="جرد فقط",الإعدادات!$B$4,0))) -> 150
A51: 2026-10-01 | B51: =IF(A51="","",IFERROR(INDEX('جدول الجرد'!$A$2:$A$29,MATCH(A51,'جدول الجرد'!$B$2:$B$29,0)),"")) -> الخميس | C51: =IF(A51="","",IFERROR(INDEX('جدول الجرد'!$E$2:$E$29,MATCH(A51,'جدول الجرد'!$B$2:$B$29,0)),"")) -> الدلم | D51: 28 | E51: د. أيمن حسين | G51: نعم | H51: =IF(E51="","",IF(AND(F51="نعم",G51="نعم"),"جرد + مراجعة",IF(F51="نعم","جرد فقط",IF(G51="نعم","مراجعة فقط","")))) -> مراجعة فقط | I51: =IF(H51="جرد + مراجعة",الإعدادات!$B$2,IF(H51="مراجعة فقط",الإعدادات!$B$3,IF(H51="جرد فقط",الإعدادات!$B$4,0))) -> 150
A52: 2026-10-01 | B52: =IF(A52="","",IFERROR(INDEX('جدول الجرد'!$A$2:$A$29,MATCH(A52,'جدول الجرد'!$B$2:$B$29,0)),"")) -> الخميس | C52: =IF(A52="","",IFERROR(INDEX('جدول الجرد'!$E$2:$E$29,MATCH(A52,'جدول الجرد'!$B$2:$B$29,0)),"")) -> الدلم | D52: 28 | E52: د. الحسن الغنيمي | G52: نعم | H52: =IF(E52="","",IF(AND(F52="نعم",G52="نعم"),"جرد + مراجعة",IF(F52="نعم","جرد فقط",IF(G52="نعم","مراجعة فقط","")))) -> مراجعة فقط | I52: =IF(H52="جرد + مراجعة",الإعدادات!$B$2,IF(H52="مراجعة فقط",الإعدادات!$B$3,IF(H52="جرد فقط",الإعدادات!$B$4,0))) -> 150
A53: 2026-10-02 | B53: =IF(A53="","",IFERROR(INDEX('جدول الجرد'!$A$2:$A$29,MATCH(A53,'جدول الجرد'!$B$2:$B$29,0)),"")) -> الجمعة | C53: =IF(A53="","",IFERROR(INDEX('جدول الجرد'!$E$2:$E$29,MATCH(A53,'جدول الجرد'!$B$2:$B$29,0)),"")) -> الدلم | D53: 7 | E53: د. حسام شلش | F53: نعم | G53: نعم | H53: =IF(E53="","",IF(AND(F53="نعم",G53="نعم"),"جرد + مراجعة",IF(F53="نعم","جرد فقط",IF(G53="نعم","مراجعة فقط","")))) -> جرد + مراجعة | I53: =IF(H53="جرد + مراجعة",الإعدادات!$B$2,IF(H53="مراجعة فقط",الإعدادات!$B$3,IF(H53="جرد فقط",الإعدادات!$B$4,0))) -> 200
A54: 2026-10-02 | B54: =IF(A54="","",IFERROR(INDEX('جدول الجرد'!$A$2:$A$29,MATCH(A54,'جدول الجرد'!$B$2:$B$29,0)),"")) -> الجمعة | C54: =IF(A54="","",IFERROR(INDEX('جدول الجرد'!$E$2:$E$29,MATCH(A54,'جدول الجرد'!$B$2:$B$29,0)),"")) -> الدلم | D54: 7 | E54: د. السيد حسن | G54: نعم | H54: =IF(E54="","",IF(AND(F54="نعم",G54="نعم"),"جرد + مراجعة",IF(F54="نعم","جرد فقط",IF(G54="نعم","مراجعة فقط","")))) -> مراجعة فقط | I54: =IF(H54="جرد + مراجعة",الإعدادات!$B$2,IF(H54="مراجعة فقط",الإعدادات!$B$3,IF(H54="جرد فقط",الإعدادات!$B$4,0))) -> 150
A55: 2026-10-02 | B55: =IF(A55="","",IFERROR(INDEX('جدول الجرد'!$A$2:$A$29,MATCH(A55,'جدول الجرد'!$B$2:$B$29,0)),"")) -> الجمعة | C55: =IF(A55="","",IFERROR(INDEX('جدول الجرد'!$E$2:$E$29,MATCH(A55,'جدول الجرد'!$B$2:$B$29,0)),"")) -> الدلم | D55: 7 | E55: د. علي خليفة | G55: نعم | H55: =IF(E55="","",IF(AND(F55="نعم",G55="نعم"),"جرد + مراجعة",IF(F55="نعم","جرد فقط",IF(G55="نعم","مراجعة فقط","")))) -> مراجعة فقط | I55: =IF(H55="جرد + مراجعة",الإعدادات!$B$2,IF(H55="مراجعة فقط",الإعدادات!$B$3,IF(H55="جرد فقط",الإعدادات!$B$4,0))) -> 150
A56: 2026-10-02 | B56: =IF(A56="","",IFERROR(INDEX('جدول الجرد'!$A$2:$A$29,MATCH(A56,'جدول الجرد'!$B$2:$B$29,0)),"")) -> الجمعة | C56: =IF(A56="","",IFERROR(INDEX('جدول الجرد'!$E$2:$E$29,MATCH(A56,'جدول الجرد'!$B$2:$B$29,0)),"")) -> الدلم | D56: 7 | E56: د. أيمن حسين | G56: نعم | H56: =IF(E56="","",IF(AND(F56="نعم",G56="نعم"),"جرد + مراجعة",IF(F56="نعم","جرد فقط",IF(G56="نعم","مراجعة فقط","")))) -> مراجعة فقط | I56: =IF(H56="جرد + مراجعة",الإعدادات!$B$2,IF(H56="مراجعة فقط",الإعدادات!$B$3,IF(H56="جرد فقط",الإعدادات!$B$4,0))) -> 150
A57: 2026-10-02 | B57: =IF(A57="","",IFERROR(INDEX('جدول الجرد'!$A$2:$A$29,MATCH(A57,'جدول الجرد'!$B$2:$B$29,0)),"")) -> الجمعة | C57: =IF(A57="","",IFERROR(INDEX('جدول الجرد'!$E$2:$E$29,MATCH(A57,'جدول الجرد'!$B$2:$B$29,0)),"")) -> الدلم | D57: 7 | E57: د. الحسن الغنيمي | G57: نعم | H57: =IF(E57="","",IF(AND(F57="نعم",G57="نعم"),"جرد + مراجعة",IF(F57="نعم","جرد فقط",IF(G57="نعم","مراجعة فقط","")))) -> مراجعة فقط | I57: =IF(H57="جرد + مراجعة",الإعدادات!$B$2,IF(H57="مراجعة فقط",الإعدادات!$B$3,IF(H57="جرد فقط",الإعدادات!$B$4,0))) -> 150
A58: 2026-10-03 | B58: =IF(A58="","",IFERROR(INDEX('جدول الجرد'!$A$2:$A$29,MATCH(A58,'جدول الجرد'!$B$2:$B$29,0)),"")) -> السبت | C58: =IF(A58="","",IFERROR(INDEX('جدول الجرد'!$E$2:$E$29,MATCH(A58,'جدول الجرد'!$B$2:$B$29,0)),"")) -> الدلم | D58: 9 | E58: د. علي خليفة | F58: نعم | G58: نعم | H58: =IF(E58="","",IF(AND(F58="نعم",G58="نعم"),"جرد + مراجعة",IF(F58="نعم","جرد فقط",IF(G58="نعم","مراجعة فقط","")))) -> جرد + مراجعة | I58: =IF(H58="جرد + مراجعة",الإعدادات!$B$2,IF(H58="مراجعة فقط",الإعدادات!$B$3,IF(H58="جرد فقط",الإعدادات!$B$4,0))) -> 200
A59: 2026-10-03 | B59: =IF(A59="","",IFERROR(INDEX('جدول الجرد'!$A$2:$A$29,MATCH(A59,'جدول الجرد'!$B$2:$B$29,0)),"")) -> السبت | C59: =IF(A59="","",IFERROR(INDEX('جدول الجرد'!$E$2:$E$29,MATCH(A59,'جدول الجرد'!$B$2:$B$29,0)),"")) -> الدلم | D59: 9 | E59: د. حسام شلش | G59: نعم | H59: =IF(E59="","",IF(AND(F59="نعم",G59="نعم"),"جرد + مراجعة",IF(F59="نعم","جرد فقط",IF(G59="نعم","مراجعة فقط","")))) -> مراجعة فقط | I59: =IF(H59="جرد + مراجعة",الإعدادات!$B$2,IF(H59="مراجعة فقط",الإعدادات!$B$3,IF(H59="جرد فقط",الإعدادات!$B$4,0))) -> 150
A60: 2026-10-03 | B60: =IF(A60="","",IFERROR(INDEX('جدول الجرد'!$A$2:$A$29,MATCH(A60,'جدول الجرد'!$B$2:$B$29,0)),"")) -> السبت | C60: =IF(A60="","",IFERROR(INDEX('جدول الجرد'!$E$2:$E$29,MATCH(A60,'جدول الجرد'!$B$2:$B$29,0)),"")) -> الدلم | D60: 9 | E60: د. السيد حسن | G60: نعم | H60: =IF(E60="","",IF(AND(F60="نعم",G60="نعم"),"جرد + مراجعة",IF(F60="نعم","جرد فقط",IF(G60="نعم","مراجعة فقط","")))) -> مراجعة فقط | I60: =IF(H60="جرد + مراجعة",الإعدادات!$B$2,IF(H60="مراجعة فقط",الإعدادات!$B$3,IF(H60="جرد فقط",الإعدادات!$B$4,0))) -> 150
A61: 2026-10-03 | B61: =IF(A61="","",IFERROR(INDEX('جدول الجرد'!$A$2:$A$29,MATCH(A61,'جدول الجرد'!$B$2:$B$29,0)),"")) -> السبت | C61: =IF(A61="","",IFERROR(INDEX('جدول الجرد'!$E$2:$E$29,MATCH(A61,'جدول الجرد'!$B$2:$B$29,0)),"")) -> الدلم | D61: 9 | E61: د. أيمن حسين | G61: نعم | H61: =IF(E61="","",IF(AND(F61="نعم",G61="نعم"),"جرد + مراجعة",IF(F61="نعم","جرد فقط",IF(G61="نعم","مراجعة فقط","")))) -> مراجعة فقط | I61: =IF(H61="جرد + مراجعة",الإعدادات!$B$2,IF(H61="مراجعة فقط",الإعدادات!$B$3,IF(H61="جرد فقط",الإعدادات!$B$4,0))) -> 150
A62: 2026-10-03 | B62: =IF(A62="","",IFERROR(INDEX('جدول الجرد'!$A$2:$A$29,MATCH(A62,'جدول الجرد'!$B$2:$B$29,0)),"")) -> السبت | C62: =IF(A62="","",IFERROR(INDEX('جدول الجرد'!$E$2:$E$29,MATCH(A62,'جدول الجرد'!$B$2:$B$29,0)),"")) -> الدلم | D62: 9 | E62: د. الحسن الغنيمي | G62: نعم | H62: =IF(E62="","",IF(AND(F62="نعم",G62="نعم"),"جرد + مراجعة",IF(F62="نعم","جرد فقط",IF(G62="نعم","مراجعة فقط","")))) -> مراجعة فقط | I62: =IF(H62="جرد + مراجعة",الإعدادات!$B$2,IF(H62="مراجعة فقط",الإعدادات!$B$3,IF(H62="جرد فقط",الإعدادات!$B$4,0))) -> 150
A63: 2026-10-04 | B63: =IF(A63="","",IFERROR(INDEX('جدول الجرد'!$A$2:$A$29,MATCH(A63,'جدول الجرد'!$B$2:$B$29,0)),"")) -> الأحد | C63: =IF(A63="","",IFERROR(INDEX('جدول الجرد'!$E$2:$E$29,MATCH(A63,'جدول الجرد'!$B$2:$B$29,0)),"")) -> الحوطة | D63: 32 | E63: د. حسام شلش | F63: نعم | G63: نعم | H63: =IF(E63="","",IF(AND(F63="نعم",G63="نعم"),"جرد + مراجعة",IF(F63="نعم","جرد فقط",IF(G63="نعم","مراجعة فقط","")))) -> جرد + مراجعة | I63: =IF(H63="جرد + مراجعة",الإعدادات!$B$2,IF(H63="مراجعة فقط",الإعدادات!$B$3,IF(H63="جرد فقط",الإعدادات!$B$4,0))) -> 200
A64: 2026-10-04 | B64: =IF(A64="","",IFERROR(INDEX('جدول الجرد'!$A$2:$A$29,MATCH(A64,'جدول الجرد'!$B$2:$B$29,0)),"")) -> الأحد | C64: =IF(A64="","",IFERROR(INDEX('جدول الجرد'!$E$2:$E$29,MATCH(A64,'جدول الجرد'!$B$2:$B$29,0)),"")) -> الحوطة | D64: 32 | E64: د. السيد حسن | G64: نعم | H64: =IF(E64="","",IF(AND(F64="نعم",G64="نعم"),"جرد + مراجعة",IF(F64="نعم","جرد فقط",IF(G64="نعم","مراجعة فقط","")))) -> مراجعة فقط | I64: =IF(H64="جرد + مراجعة",الإعدادات!$B$2,IF(H64="مراجعة فقط",الإعدادات!$B$3,IF(H64="جرد فقط",الإعدادات!$B$4,0))) -> 150
A65: 2026-10-04 | B65: =IF(A65="","",IFERROR(INDEX('جدول الجرد'!$A$2:$A$29,MATCH(A65,'جدول الجرد'!$B$2:$B$29,0)),"")) -> الأحد | C65: =IF(A65="","",IFERROR(INDEX('جدول الجرد'!$E$2:$E$29,MATCH(A65,'جدول الجرد'!$B$2:$B$29,0)),"")) -> الحوطة | D65: 32 | E65: د. الحسن الغنيمي | G65: نعم | H65: =IF(E65="","",IF(AND(F65="نعم",G65="نعم"),"جرد + مراجعة",IF(F65="نعم","جرد فقط",IF(G65="نعم","مراجعة فقط","")))) -> مراجعة فقط | I65: =IF(H65="جرد + مراجعة",الإعدادات!$B$2,IF(H65="مراجعة فقط",الإعدادات!$B$3,IF(H65="جرد فقط",الإعدادات!$B$4,0))) -> 150
A66: 2026-10-04 | B66: =IF(A66="","",IFERROR(INDEX('جدول الجرد'!$A$2:$A$29,MATCH(A66,'جدول الجرد'!$B$2:$B$29,0)),"")) -> الأحد | C66: =IF(A66="","",IFERROR(INDEX('جدول الجرد'!$E$2:$E$29,MATCH(A66,'جدول الجرد'!$B$2:$B$29,0)),"")) -> الحوطة | D66: 32 | E66: د. محمد جمال | G66: نعم | H66: =IF(E66="","",IF(AND(F66="نعم",G66="نعم"),"جرد + مراجعة",IF(F66="نعم","جرد فقط",IF(G66="نعم","مراجعة فقط","")))) -> مراجعة فقط | I66: =IF(H66="جرد + مراجعة",الإعدادات!$B$2,IF(H66="مراجعة فقط",الإعدادات!$B$3,IF(H66="جرد فقط",الإعدادات!$B$4,0))) -> 150
A67: 2026-10-04 | B67: =IF(A67="","",IFERROR(INDEX('جدول الجرد'!$A$2:$A$29,MATCH(A67,'جدول الجرد'!$B$2:$B$29,0)),"")) -> الأحد | C67: =IF(A67="","",IFERROR(INDEX('جدول الجرد'!$E$2:$E$29,MATCH(A67,'جدول الجرد'!$B$2:$B$29,0)),"")) -> الحوطة | D67: 39 | E67: د. حسام شلش | F67: نعم | G67: نعم | H67: =IF(E67="","",IF(AND(F67="نعم",G67="نعم"),"جرد + مراجعة",IF(F67="نعم","جرد فقط",IF(G67="نعم","مراجعة فقط","")))) -> جرد + مراجعة | I67: =IF(H67="جرد + مراجعة",الإعدادات!$B$2,IF(H67="مراجعة فقط",الإعدادات!$B$3,IF(H67="جرد فقط",الإعدادات!$B$4,0))) -> 200
A68: 2026-10-04 | B68: =IF(A68="","",IFERROR(INDEX('جدول الجرد'!$A$2:$A$29,MATCH(A68,'جدول الجرد'!$B$2:$B$29,0)),"")) -> الأحد | C68: =IF(A68="","",IFERROR(INDEX('جدول الجرد'!$E$2:$E$29,MATCH(A68,'جدول الجرد'!$B$2:$B$29,0)),"")) -> الحوطة | D68: 39 | E68: د. السيد حسن | G68: نعم | H68: =IF(E68="","",IF(AND(F68="نعم",G68="نعم"),"جرد + مراجعة",IF(F68="نعم","جرد فقط",IF(G68="نعم","مراجعة فقط","")))) -> مراجعة فقط | I68: =IF(H68="جرد + مراجعة",الإعدادات!$B$2,IF(H68="مراجعة فقط",الإعدادات!$B$3,IF(H68="جرد فقط",الإعدادات!$B$4,0))) -> 150
A69: 2026-10-04 | B69: =IF(A69="","",IFERROR(INDEX('جدول الجرد'!$A$2:$A$29,MATCH(A69,'جدول الجرد'!$B$2:$B$29,0)),"")) -> الأحد | C69: =IF(A69="","",IFERROR(INDEX('جدول الجرد'!$E$2:$E$29,MATCH(A69,'جدول الجرد'!$B$2:$B$29,0)),"")) -> الحوطة | D69: 39 | E69: د. الحسن الغنيمي | G69: نعم | H69: =IF(E69="","",IF(AND(F69="نعم",G69="نعم"),"جرد + مراجعة",IF(F69="نعم","جرد فقط",IF(G69="نعم","مراجعة فقط","")))) -> مراجعة فقط | I69: =IF(H69="جرد + مراجعة",الإعدادات!$B$2,IF(H69="مراجعة فقط",الإعدادات!$B$3,IF(H69="جرد فقط",الإعدادات!$B$4,0))) -> 150
A70: 2026-10-04 | B70: =IF(A70="","",IFERROR(INDEX('جدول الجرد'!$A$2:$A$29,MATCH(A70,'جدول الجرد'!$B$2:$B$29,0)),"")) -> الأحد | C70: =IF(A70="","",IFERROR(INDEX('جدول الجرد'!$E$2:$E$29,MATCH(A70,'جدول الجرد'!$B$2:$B$29,0)),"")) -> الحوطة | D70: 39 | E70: د. محمد جمال | G70: نعم | H70: =IF(E70="","",IF(AND(F70="نعم",G70="نعم"),"جرد + مراجعة",IF(F70="نعم","جرد فقط",IF(G70="نعم","مراجعة فقط","")))) -> مراجعة فقط | I70: =IF(H70="جرد + مراجعة",الإعدادات!$B$2,IF(H70="مراجعة فقط",الإعدادات!$B$3,IF(H70="جرد فقط",الإعدادات!$B$4,0))) -> 150
A71: 2026-10-05 | B71: =IF(A71="","",IFERROR(INDEX('جدول الجرد'!$A$2:$A$29,MATCH(A71,'جدول الجرد'!$B$2:$B$29,0)),"")) -> الاثنين | C71: =IF(A71="","",IFERROR(INDEX('جدول الجرد'!$E$2:$E$29,MATCH(A71,'جدول الجرد'!$B$2:$B$29,0)),"")) -> الأفلاج | D71: 33 | E71: د. السيد حسن | F71: نعم | G71: نعم | H71: =IF(E71="","",IF(AND(F71="نعم",G71="نعم"),"جرد + مراجعة",IF(F71="نعم","جرد فقط",IF(G71="نعم","مراجعة فقط","")))) -> جرد + مراجعة | I71: =IF(H71="جرد + مراجعة",الإعدادات!$B$2,IF(H71="مراجعة فقط",الإعدادات!$B$3,IF(H71="جرد فقط",الإعدادات!$B$4,0))) -> 200
A72: 2026-10-05 | B72: =IF(A72="","",IFERROR(INDEX('جدول الجرد'!$A$2:$A$29,MATCH(A72,'جدول الجرد'!$B$2:$B$29,0)),"")) -> الاثنين | C72: =IF(A72="","",IFERROR(INDEX('جدول الجرد'!$E$2:$E$29,MATCH(A72,'جدول الجرد'!$B$2:$B$29,0)),"")) -> الأفلاج | D72: 33 | E72: د. حسام شلش | G72: نعم | H72: =IF(E72="","",IF(AND(F72="نعم",G72="نعم"),"جرد + مراجعة",IF(F72="نعم","جرد فقط",IF(G72="نعم","مراجعة فقط","")))) -> مراجعة فقط | I72: =IF(H72="جرد + مراجعة",الإعدادات!$B$2,IF(H72="مراجعة فقط",الإعدادات!$B$3,IF(H72="جرد فقط",الإعدادات!$B$4,0))) -> 150
A73: 2026-10-05 | B73: =IF(A73="","",IFERROR(INDEX('جدول الجرد'!$A$2:$A$29,MATCH(A73,'جدول الجرد'!$B$2:$B$29,0)),"")) -> الاثنين | C73: =IF(A73="","",IFERROR(INDEX('جدول الجرد'!$E$2:$E$29,MATCH(A73,'جدول الجرد'!$B$2:$B$29,0)),"")) -> الأفلاج | D73: 33 | E73: د. الحسن الغنيمي | G73: نعم | H73: =IF(E73="","",IF(AND(F73="نعم",G73="نعم"),"جرد + مراجعة",IF(F73="نعم","جرد فقط",IF(G73="نعم","مراجعة فقط","")))) -> مراجعة فقط | I73: =IF(H73="جرد + مراجعة",الإعدادات!$B$2,IF(H73="مراجعة فقط",الإعدادات!$B$3,IF(H73="جرد فقط",الإعدادات!$B$4,0))) -> 150
A74: 2026-10-05 | B74: =IF(A74="","",IFERROR(INDEX('جدول الجرد'!$A$2:$A$29,MATCH(A74,'جدول الجرد'!$B$2:$B$29,0)),"")) -> الاثنين | C74: =IF(A74="","",IFERROR(INDEX('جدول الجرد'!$E$2:$E$29,MATCH(A74,'جدول الجرد'!$B$2:$B$29,0)),"")) -> الأفلاج | D74: 33 | E74: د. محمد جمال | G74: نعم | H74: =IF(E74="","",IF(AND(F74="نعم",G74="نعم"),"جرد + مراجعة",IF(F74="نعم","جرد فقط",IF(G74="نعم","مراجعة فقط","")))) -> مراجعة فقط | I74: =IF(H74="جرد + مراجعة",الإعدادات!$B$2,IF(H74="مراجعة فقط",الإعدادات!$B$3,IF(H74="جرد فقط",الإعدادات!$B$4,0))) -> 150
A75: 2026-10-05 | B75: =IF(A75="","",IFERROR(INDEX('جدول الجرد'!$A$2:$A$29,MATCH(A75,'جدول الجرد'!$B$2:$B$29,0)),"")) -> الاثنين | C75: =IF(A75="","",IFERROR(INDEX('جدول الجرد'!$E$2:$E$29,MATCH(A75,'جدول الجرد'!$B$2:$B$29,0)),"")) -> الأفلاج | D75: 34 | E75: د. السيد حسن | F75: نعم | G75: نعم | H75: =IF(E75="","",IF(AND(F75="نعم",G75="نعم"),"جرد + مراجعة",IF(F75="نعم","جرد فقط",IF(G75="نعم","مراجعة فقط","")))) -> جرد + مراجعة | I75: =IF(H75="جرد + مراجعة",الإعدادات!$B$2,IF(H75="مراجعة فقط",الإعدادات!$B$3,IF(H75="جرد فقط",الإعدادات!$B$4,0))) -> 200
A76: 2026-10-05 | B76: =IF(A76="","",IFERROR(INDEX('جدول الجرد'!$A$2:$A$29,MATCH(A76,'جدول الجرد'!$B$2:$B$29,0)),"")) -> الاثنين | C76: =IF(A76="","",IFERROR(INDEX('جدول الجرد'!$E$2:$E$29,MATCH(A76,'جدول الجرد'!$B$2:$B$29,0)),"")) -> الأفلاج | D76: 34 | E76: د. حسام شلش | G76: نعم | H76: =IF(E76="","",IF(AND(F76="نعم",G76="نعم"),"جرد + مراجعة",IF(F76="نعم","جرد فقط",IF(G76="نعم","مراجعة فقط","")))) -> مراجعة فقط | I76: =IF(H76="جرد + مراجعة",الإعدادات!$B$2,IF(H76="مراجعة فقط",الإعدادات!$B$3,IF(H76="جرد فقط",الإعدادات!$B$4,0))) -> 150
A77: 2026-10-05 | B77: =IF(A77="","",IFERROR(INDEX('جدول الجرد'!$A$2:$A$29,MATCH(A77,'جدول الجرد'!$B$2:$B$29,0)),"")) -> الاثنين | C77: =IF(A77="","",IFERROR(INDEX('جدول الجرد'!$E$2:$E$29,MATCH(A77,'جدول الجرد'!$B$2:$B$29,0)),"")) -> الأفلاج | D77: 34 | E77: د. الحسن الغنيمي | G77: نعم | H77: =IF(E77="","",IF(AND(F77="نعم",G77="نعم"),"جرد + مراجعة",IF(F77="نعم","جرد فقط",IF(G77="نعم","مراجعة فقط","")))) -> مراجعة فقط | I77: =IF(H77="جرد + مراجعة",الإعدادات!$B$2,IF(H77="مراجعة فقط",الإعدادات!$B$3,IF(H77="جرد فقط",الإعدادات!$B$4,0))) -> 150
A78: 2026-10-05 | B78: =IF(A78="","",IFERROR(INDEX('جدول الجرد'!$A$2:$A$29,MATCH(A78,'جدول الجرد'!$B$2:$B$29,0)),"")) -> الاثنين | C78: =IF(A78="","",IFERROR(INDEX('جدول الجرد'!$E$2:$E$29,MATCH(A78,'جدول الجرد'!$B$2:$B$29,0)),"")) -> الأفلاج | D78: 34 | E78: د. محمد جمال | G78: نعم | H78: =IF(E78="","",IF(AND(F78="نعم",G78="نعم"),"جرد + مراجعة",IF(F78="نعم","جرد فقط",IF(G78="نعم","مراجعة فقط","")))) -> مراجعة فقط | I78: =IF(H78="جرد + مراجعة",الإعدادات!$B$2,IF(H78="مراجعة فقط",الإعدادات!$B$3,IF(H78="جرد فقط",الإعدادات!$B$4,0))) -> 150
A79: 2026-10-06 | B79: =IF(A79="","",IFERROR(INDEX('جدول الجرد'!$A$2:$A$29,MATCH(A79,'جدول الجرد'!$B$2:$B$29,0)),"")) -> الثلاثاء | C79: =IF(A79="","",IFERROR(INDEX('جدول الجرد'!$E$2:$E$29,MATCH(A79,'جدول الجرد'!$B$2:$B$29,0)),"")) -> السليل | D79: 35 | E79: د. حسام شلش | F79: نعم | G79: نعم | H79: =IF(E79="","",IF(AND(F79="نعم",G79="نعم"),"جرد + مراجعة",IF(F79="نعم","جرد فقط",IF(G79="نعم","مراجعة فقط","")))) -> جرد + مراجعة | I79: =IF(H79="جرد + مراجعة",الإعدادات!$B$2,IF(H79="مراجعة فقط",الإعدادات!$B$3,IF(H79="جرد فقط",الإعدادات!$B$4,0))) -> 200
A80: 2026-10-06 | B80: =IF(A80="","",IFERROR(INDEX('جدول الجرد'!$A$2:$A$29,MATCH(A80,'جدول الجرد'!$B$2:$B$29,0)),"")) -> الثلاثاء | C80: =IF(A80="","",IFERROR(INDEX('جدول الجرد'!$E$2:$E$29,MATCH(A80,'جدول الجرد'!$B$2:$B$29,0)),"")) -> السليل | D80: 35 | E80: د. السيد حسن | G80: نعم | H80: =IF(E80="","",IF(AND(F80="نعم",G80="نعم"),"جرد + مراجعة",IF(F80="نعم","جرد فقط",IF(G80="نعم","مراجعة فقط","")))) -> مراجعة فقط | I80: =IF(H80="جرد + مراجعة",الإعدادات!$B$2,IF(H80="مراجعة فقط",الإعدادات!$B$3,IF(H80="جرد فقط",الإعدادات!$B$4,0))) -> 150
A81: 2026-10-06 | B81: =IF(A81="","",IFERROR(INDEX('جدول الجرد'!$A$2:$A$29,MATCH(A81,'جدول الجرد'!$B$2:$B$29,0)),"")) -> الثلاثاء | C81: =IF(A81="","",IFERROR(INDEX('جدول الجرد'!$E$2:$E$29,MATCH(A81,'جدول الجرد'!$B$2:$B$29,0)),"")) -> السليل | D81: 35 | E81: د. الحسن الغنيمي | G81: نعم | H81: =IF(E81="","",IF(AND(F81="نعم",G81="نعم"),"جرد + مراجعة",IF(F81="نعم","جرد فقط",IF(G81="نعم","مراجعة فقط","")))) -> مراجعة فقط | I81: =IF(H81="جرد + مراجعة",الإعدادات!$B$2,IF(H81="مراجعة فقط",الإعدادات!$B$3,IF(H81="جرد فقط",الإعدادات!$B$4,0))) -> 150
A82: 2026-10-06 | B82: =IF(A82="","",IFERROR(INDEX('جدول الجرد'!$A$2:$A$29,MATCH(A82,'جدول الجرد'!$B$2:$B$29,0)),"")) -> الثلاثاء | C82: =IF(A82="","",IFERROR(INDEX('جدول الجرد'!$E$2:$E$29,MATCH(A82,'جدول الجرد'!$B$2:$B$29,0)),"")) -> السليل | D82: 35 | E82: د. محمد جمال | G82: نعم | H82: =IF(E82="","",IF(AND(F82="نعم",G82="نعم"),"جرد + مراجعة",IF(F82="نعم","جرد فقط",IF(G82="نعم","مراجعة فقط","")))) -> مراجعة فقط | I82: =IF(H82="جرد + مراجعة",الإعدادات!$B$2,IF(H82="مراجعة فقط",الإعدادات!$B$3,IF(H82="جرد فقط",الإعدادات!$B$4,0))) -> 150
A83: 2026-10-06 | B83: =IF(A83="","",IFERROR(INDEX('جدول الجرد'!$A$2:$A$29,MATCH(A83,'جدول الجرد'!$B$2:$B$29,0)),"")) -> الثلاثاء | C83: =IF(A83="","",IFERROR(INDEX('جدول الجرد'!$E$2:$E$29,MATCH(A83,'جدول الجرد'!$B$2:$B$29,0)),"")) -> السليل | D83: 53 | E83: د. حسام شلش | F83: نعم | G83: نعم | H83: =IF(E83="","",IF(AND(F83="نعم",G83="نعم"),"جرد + مراجعة",IF(F83="نعم","جرد فقط",IF(G83="نعم","مراجعة فقط","")))) -> جرد + مراجعة | I83: =IF(H83="جرد + مراجعة",الإعدادات!$B$2,IF(H83="مراجعة فقط",الإعدادات!$B$3,IF(H83="جرد فقط",الإعدادات!$B$4,0))) -> 200
A84: 2026-10-06 | B84: =IF(A84="","",IFERROR(INDEX('جدول الجرد'!$A$2:$A$29,MATCH(A84,'جدول الجرد'!$B$2:$B$29,0)),"")) -> الثلاثاء | C84: =IF(A84="","",IFERROR(INDEX('جدول الجرد'!$E$2:$E$29,MATCH(A84,'جدول الجرد'!$B$2:$B$29,0)),"")) -> السليل | D84: 53 | E84: د. السيد حسن | G84: نعم | H84: =IF(E84="","",IF(AND(F84="نعم",G84="نعم"),"جرد + مراجعة",IF(F84="نعم","جرد فقط",IF(G84="نعم","مراجعة فقط","")))) -> مراجعة فقط | I84: =IF(H84="جرد + مراجعة",الإعدادات!$B$2,IF(H84="مراجعة فقط",الإعدادات!$B$3,IF(H84="جرد فقط",الإعدادات!$B$4,0))) -> 150
A85: 2026-10-06 | B85: =IF(A85="","",IFERROR(INDEX('جدول الجرد'!$A$2:$A$29,MATCH(A85,'جدول الجرد'!$B$2:$B$29,0)),"")) -> الثلاثاء | C85: =IF(A85="","",IFERROR(INDEX('جدول الجرد'!$E$2:$E$29,MATCH(A85,'جدول الجرد'!$B$2:$B$29,0)),"")) -> السليل | D85: 53 | E85: د. الحسن الغنيمي | G85: نعم | H85: =IF(E85="","",IF(AND(F85="نعم",G85="نعم"),"جرد + مراجعة",IF(F85="نعم","جرد فقط",IF(G85="نعم","مراجعة فقط","")))) -> مراجعة فقط | I85: =IF(H85="جرد + مراجعة",الإعدادات!$B$2,IF(H85="مراجعة فقط",الإعدادات!$B$3,IF(H85="جرد فقط",الإعدادات!$B$4,0))) -> 150
A86: 2026-10-06 | B86: =IF(A86="","",IFERROR(INDEX('جدول الجرد'!$A$2:$A$29,MATCH(A86,'جدول الجرد'!$B$2:$B$29,0)),"")) -> الثلاثاء | C86: =IF(A86="","",IFERROR(INDEX('جدول الجرد'!$E$2:$E$29,MATCH(A86,'جدول الجرد'!$B$2:$B$29,0)),"")) -> السليل | D86: 53 | E86: د. محمد جمال | G86: نعم | H86: =IF(E86="","",IF(AND(F86="نعم",G86="نعم"),"جرد + مراجعة",IF(F86="نعم","جرد فقط",IF(G86="نعم","مراجعة فقط","")))) -> مراجعة فقط | I86: =IF(H86="جرد + مراجعة",الإعدادات!$B$2,IF(H86="مراجعة فقط",الإعدادات!$B$3,IF(H86="جرد فقط",الإعدادات!$B$4,0))) -> 150
A87: 2026-10-07 | B87: =IF(A87="","",IFERROR(INDEX('جدول الجرد'!$A$2:$A$29,MATCH(A87,'جدول الجرد'!$B$2:$B$29,0)),"")) -> الأربعاء | C87: =IF(A87="","",IFERROR(INDEX('جدول الجرد'!$E$2:$E$29,MATCH(A87,'جدول الجرد'!$B$2:$B$29,0)),"")) -> تمرة - الدواسر | D87: 46 | E87: د. السيد حسن | F87: نعم | G87: نعم | H87: =IF(E87="","",IF(AND(F87="نعم",G87="نعم"),"جرد + مراجعة",IF(F87="نعم","جرد فقط",IF(G87="نعم","مراجعة فقط","")))) -> جرد + مراجعة | I87: =IF(H87="جرد + مراجعة",الإعدادات!$B$2,IF(H87="مراجعة فقط",الإعدادات!$B$3,IF(H87="جرد فقط",الإعدادات!$B$4,0))) -> 200
A88: 2026-10-07 | B88: =IF(A88="","",IFERROR(INDEX('جدول الجرد'!$A$2:$A$29,MATCH(A88,'جدول الجرد'!$B$2:$B$29,0)),"")) -> الأربعاء | C88: =IF(A88="","",IFERROR(INDEX('جدول الجرد'!$E$2:$E$29,MATCH(A88,'جدول الجرد'!$B$2:$B$29,0)),"")) -> تمرة - الدواسر | D88: 46 | E88: د. حسام شلش | G88: نعم | H88: =IF(E88="","",IF(AND(F88="نعم",G88="نعم"),"جرد + مراجعة",IF(F88="نعم","جرد فقط",IF(G88="نعم","مراجعة فقط","")))) -> مراجعة فقط | I88: =IF(H88="جرد + مراجعة",الإعدادات!$B$2,IF(H88="مراجعة فقط",الإعدادات!$B$3,IF(H88="جرد فقط",الإعدادات!$B$4,0))) -> 150
A89: 2026-10-07 | B89: =IF(A89="","",IFERROR(INDEX('جدول الجرد'!$A$2:$A$29,MATCH(A89,'جدول الجرد'!$B$2:$B$29,0)),"")) -> الأربعاء | C89: =IF(A89="","",IFERROR(INDEX('جدول الجرد'!$E$2:$E$29,MATCH(A89,'جدول الجرد'!$B$2:$B$29,0)),"")) -> تمرة - الدواسر | D89: 46 | E89: د. الحسن الغنيمي | G89: نعم | H89: =IF(E89="","",IF(AND(F89="نعم",G89="نعم"),"جرد + مراجعة",IF(F89="نعم","جرد فقط",IF(G89="نعم","مراجعة فقط","")))) -> مراجعة فقط | I89: =IF(H89="جرد + مراجعة",الإعدادات!$B$2,IF(H89="مراجعة فقط",الإعدادات!$B$3,IF(H89="جرد فقط",الإعدادات!$B$4,0))) -> 150
A90: 2026-10-07 | B90: =IF(A90="","",IFERROR(INDEX('جدول الجرد'!$A$2:$A$29,MATCH(A90,'جدول الجرد'!$B$2:$B$29,0)),"")) -> الأربعاء | C90: =IF(A90="","",IFERROR(INDEX('جدول الجرد'!$E$2:$E$29,MATCH(A90,'جدول الجرد'!$B$2:$B$29,0)),"")) -> تمرة - الدواسر | D90: 46 | E90: د. محمد جمال | G90: نعم | H90: =IF(E90="","",IF(AND(F90="نعم",G90="نعم"),"جرد + مراجعة",IF(F90="نعم","جرد فقط",IF(G90="نعم","مراجعة فقط","")))) -> مراجعة فقط | I90: =IF(H90="جرد + مراجعة",الإعدادات!$B$2,IF(H90="مراجعة فقط",الإعدادات!$B$3,IF(H90="جرد فقط",الإعدادات!$B$4,0))) -> 150
A91: 2026-10-07 | B91: =IF(A91="","",IFERROR(INDEX('جدول الجرد'!$A$2:$A$29,MATCH(A91,'جدول الجرد'!$B$2:$B$29,0)),"")) -> الأربعاء | C91: =IF(A91="","",IFERROR(INDEX('جدول الجرد'!$E$2:$E$29,MATCH(A91,'جدول الجرد'!$B$2:$B$29,0)),"")) -> تمرة - الدواسر | D91: 56 | E91: د. السيد حسن | F91: نعم | G91: نعم | H91: =IF(E91="","",IF(AND(F91="نعم",G91="نعم"),"جرد + مراجعة",IF(F91="نعم","جرد فقط",IF(G91="نعم","مراجعة فقط","")))) -> جرد + مراجعة | I91: =IF(H91="جرد + مراجعة",الإعدادات!$B$2,IF(H91="مراجعة فقط",الإعدادات!$B$3,IF(H91="جرد فقط",الإعدادات!$B$4,0))) -> 200
A92: 2026-10-07 | B92: =IF(A92="","",IFERROR(INDEX('جدول الجرد'!$A$2:$A$29,MATCH(A92,'جدول الجرد'!$B$2:$B$29,0)),"")) -> الأربعاء | C92: =IF(A92="","",IFERROR(INDEX('جدول الجرد'!$E$2:$E$29,MATCH(A92,'جدول الجرد'!$B$2:$B$29,0)),"")) -> تمرة - الدواسر | D92: 56 | E92: د. حسام شلش | G92: نعم | H92: =IF(E92="","",IF(AND(F92="نعم",G92="نعم"),"جرد + مراجعة",IF(F92="نعم","جرد فقط",IF(G92="نعم","مراجعة فقط","")))) -> مراجعة فقط | I92: =IF(H92="جرد + مراجعة",الإعدادات!$B$2,IF(H92="مراجعة فقط",الإعدادات!$B$3,IF(H92="جرد فقط",الإعدادات!$B$4,0))) -> 150
A93: 2026-10-07 | B93: =IF(A93="","",IFERROR(INDEX('جدول الجرد'!$A$2:$A$29,MATCH(A93,'جدول الجرد'!$B$2:$B$29,0)),"")) -> الأربعاء | C93: =IF(A93="","",IFERROR(INDEX('جدول الجرد'!$E$2:$E$29,MATCH(A93,'جدول الجرد'!$B$2:$B$29,0)),"")) -> تمرة - الدواسر | D93: 56 | E93: د. الحسن الغنيمي | G93: نعم | H93: =IF(E93="","",IF(AND(F93="نعم",G93="نعم"),"جرد + مراجعة",IF(F93="نعم","جرد فقط",IF(G93="نعم","مراجعة فقط","")))) -> مراجعة فقط | I93: =IF(H93="جرد + مراجعة",الإعدادات!$B$2,IF(H93="مراجعة فقط",الإعدادات!$B$3,IF(H93="جرد فقط",الإعدادات!$B$4,0))) -> 150
A94: 2026-10-07 | B94: =IF(A94="","",IFERROR(INDEX('جدول الجرد'!$A$2:$A$29,MATCH(A94,'جدول الجرد'!$B$2:$B$29,0)),"")) -> الأربعاء | C94: =IF(A94="","",IFERROR(INDEX('جدول الجرد'!$E$2:$E$29,MATCH(A94,'جدول الجرد'!$B$2:$B$29,0)),"")) -> تمرة - الدواسر | D94: 56 | E94: د. محمد جمال | G94: نعم | H94: =IF(E94="","",IF(AND(F94="نعم",G94="نعم"),"جرد + مراجعة",IF(F94="نعم","جرد فقط",IF(G94="نعم","مراجعة فقط","")))) -> مراجعة فقط | I94: =IF(H94="جرد + مراجعة",الإعدادات!$B$2,IF(H94="مراجعة فقط",الإعدادات!$B$3,IF(H94="جرد فقط",الإعدادات!$B$4,0))) -> 150
A95: 2026-10-08 | B95: =IF(A95="","",IFERROR(INDEX('جدول الجرد'!$A$2:$A$29,MATCH(A95,'جدول الجرد'!$B$2:$B$29,0)),"")) -> الخميس | C95: =IF(A95="","",IFERROR(INDEX('جدول الجرد'!$E$2:$E$29,MATCH(A95,'جدول الجرد'!$B$2:$B$29,0)),"")) -> الدواسر | D95: 47 | E95: د. حسام شلش | F95: نعم | G95: نعم | H95: =IF(E95="","",IF(AND(F95="نعم",G95="نعم"),"جرد + مراجعة",IF(F95="نعم","جرد فقط",IF(G95="نعم","مراجعة فقط","")))) -> جرد + مراجعة | I95: =IF(H95="جرد + مراجعة",الإعدادات!$B$2,IF(H95="مراجعة فقط",الإعدادات!$B$3,IF(H95="جرد فقط",الإعدادات!$B$4,0))) -> 200
A96: 2026-10-08 | B96: =IF(A96="","",IFERROR(INDEX('جدول الجرد'!$A$2:$A$29,MATCH(A96,'جدول الجرد'!$B$2:$B$29,0)),"")) -> الخميس | C96: =IF(A96="","",IFERROR(INDEX('جدول الجرد'!$E$2:$E$29,MATCH(A96,'جدول الجرد'!$B$2:$B$29,0)),"")) -> الدواسر | D96: 47 | E96: د. السيد حسن | G96: نعم | H96: =IF(E96="","",IF(AND(F96="نعم",G96="نعم"),"جرد + مراجعة",IF(F96="نعم","جرد فقط",IF(G96="نعم","مراجعة فقط","")))) -> مراجعة فقط | I96: =IF(H96="جرد + مراجعة",الإعدادات!$B$2,IF(H96="مراجعة فقط",الإعدادات!$B$3,IF(H96="جرد فقط",الإعدادات!$B$4,0))) -> 150
A97: 2026-10-08 | B97: =IF(A97="","",IFERROR(INDEX('جدول الجرد'!$A$2:$A$29,MATCH(A97,'جدول الجرد'!$B$2:$B$29,0)),"")) -> الخميس | C97: =IF(A97="","",IFERROR(INDEX('جدول الجرد'!$E$2:$E$29,MATCH(A97,'جدول الجرد'!$B$2:$B$29,0)),"")) -> الدواسر | D97: 47 | E97: د. الحسن الغنيمي | G97: نعم | H97: =IF(E97="","",IF(AND(F97="نعم",G97="نعم"),"جرد + مراجعة",IF(F97="نعم","جرد فقط",IF(G97="نعم","مراجعة فقط","")))) -> مراجعة فقط | I97: =IF(H97="جرد + مراجعة",الإعدادات!$B$2,IF(H97="مراجعة فقط",الإعدادات!$B$3,IF(H97="جرد فقط",الإعدادات!$B$4,0))) -> 150
A98: 2026-10-08 | B98: =IF(A98="","",IFERROR(INDEX('جدول الجرد'!$A$2:$A$29,MATCH(A98,'جدول الجرد'!$B$2:$B$29,0)),"")) -> الخميس | C98: =IF(A98="","",IFERROR(INDEX('جدول الجرد'!$E$2:$E$29,MATCH(A98,'جدول الجرد'!$B$2:$B$29,0)),"")) -> الدواسر | D98: 47 | E98: د. محمد جمال | G98: نعم | H98: =IF(E98="","",IF(AND(F98="نعم",G98="نعم"),"جرد + مراجعة",IF(F98="نعم","جرد فقط",IF(G98="نعم","مراجعة فقط","")))) -> مراجعة فقط | I98: =IF(H98="جرد + مراجعة",الإعدادات!$B$2,IF(H98="مراجعة فقط",الإعدادات!$B$3,IF(H98="جرد فقط",الإعدادات!$B$4,0))) -> 150
A99: 2026-10-08 | B99: =IF(A99="","",IFERROR(INDEX('جدول الجرد'!$A$2:$A$29,MATCH(A99,'جدول الجرد'!$B$2:$B$29,0)),"")) -> الخميس | C99: =IF(A99="","",IFERROR(INDEX('جدول الجرد'!$E$2:$E$29,MATCH(A99,'جدول الجرد'!$B$2:$B$29,0)),"")) -> الدواسر | D99: 37 | E99: د. حسام شلش | F99: نعم | G99: نعم | H99: =IF(E99="","",IF(AND(F99="نعم",G99="نعم"),"جرد + مراجعة",IF(F99="نعم","جرد فقط",IF(G99="نعم","مراجعة فقط","")))) -> جرد + مراجعة | I99: =IF(H99="جرد + مراجعة",الإعدادات!$B$2,IF(H99="مراجعة فقط",الإعدادات!$B$3,IF(H99="جرد فقط",الإعدادات!$B$4,0))) -> 200
A100: 2026-10-08 | B100: =IF(A100="","",IFERROR(INDEX('جدول الجرد'!$A$2:$A$29,MATCH(A100,'جدول الجرد'!$B$2:$B$29,0)),"")) -> الخميس | C100: =IF(A100="","",IFERROR(INDEX('جدول الجرد'!$E$2:$E$29,MATCH(A100,'جدول الجرد'!$B$2:$B$29,0)),"")) -> الدواسر | D100: 37 | E100: د. السيد حسن | G100: نعم | H100: =IF(E100="","",IF(AND(F100="نعم",G100="نعم"),"جرد + مراجعة",IF(F100="نعم","جرد فقط",IF(G100="نعم","مراجعة فقط","")))) -> مراجعة فقط | I100: =IF(H100="جرد + مراجعة",الإعدادات!$B$2,IF(H100="مراجعة فقط",الإعدادات!$B$3,IF(H100="جرد فقط",الإعدادات!$B$4,0))) -> 150
...
